-- --------------------------------------------------------
-- Servidor:                     localhost
-- Versão do servidor:           Microsoft SQL Server 2022 (RTM) - 16.0.1000.6
-- OS do Servidor:               Windows 10 Home Single Language 10.0 <X64> (Build 22631: ) (Hypervisor)
-- HeidiSQL Versão:              11.2.0.6213
-- --------------------------------------------------------

/*!40101 SET @OLD_CHARACTER_SET_CLIENT=@@CHARACTER_SET_CLIENT */;
/*!40101 SET NAMES  */;
/*!40014 SET @OLD_FOREIGN_KEY_CHECKS=@@FOREIGN_KEY_CHECKS, FOREIGN_KEY_CHECKS=0 */;
/*!40101 SET @OLD_SQL_MODE=@@SQL_MODE, SQL_MODE='NO_AUTO_VALUE_ON_ZERO' */;
/*!40111 SET @OLD_SQL_NOTES=@@SQL_NOTES, SQL_NOTES=0 */;


-- Copiando estrutura do banco de dados para plms_db
CREATE DATABASE IF NOT EXISTS "plms_db";
USE "plms_db";

-- Copiando estrutura para tabela plms_db.Departments
CREATE TABLE IF NOT EXISTS "Departments" (
	"Id" INT NOT NULL,
	"Name" NVARCHAR(50) NOT NULL COLLATE 'Latin1_General_CI_AS',
	PRIMARY KEY ("Id")
);

-- Copiando dados para a tabela plms_db.Departments: 5 rows
/*!40000 ALTER TABLE "Departments" DISABLE KEYS */;
INSERT INTO "Departments" ("Id", "Name") VALUES
	(1, 'Engenharia'),
	(2, 'Métodos e Processos'),
	(3, 'PCP'),
	(4, 'Compras'),
	(5, 'Estrutura do Produto');
/*!40000 ALTER TABLE "Departments" ENABLE KEYS */;

-- Copiando estrutura para função plms_db.fn_diagramobjects
DELIMITER //

	CREATE FUNCTION dbo.fn_diagramobjects() 
	RETURNS int
	WITH EXECUTE AS N'dbo'
	AS
	BEGIN
		declare @id_upgraddiagrams		int
		declare @id_sysdiagrams			int
		declare @id_helpdiagrams		int
		declare @id_helpdiagramdefinition	int
		declare @id_creatediagram	int
		declare @id_renamediagram	int
		declare @id_alterdiagram 	int 
		declare @id_dropdiagram		int
		declare @InstalledObjects	int

		select @InstalledObjects = 0

		select 	@id_upgraddiagrams = object_id(N'dbo.sp_upgraddiagrams'),
			@id_sysdiagrams = object_id(N'dbo.sysdiagrams'),
			@id_helpdiagrams = object_id(N'dbo.sp_helpdiagrams'),
			@id_helpdiagramdefinition = object_id(N'dbo.sp_helpdiagramdefinition'),
			@id_creatediagram = object_id(N'dbo.sp_creatediagram'),
			@id_renamediagram = object_id(N'dbo.sp_renamediagram'),
			@id_alterdiagram = object_id(N'dbo.sp_alterdiagram'), 
			@id_dropdiagram = object_id(N'dbo.sp_dropdiagram')

		if @id_upgraddiagrams is not null
			select @InstalledObjects = @InstalledObjects + 1
		if @id_sysdiagrams is not null
			select @InstalledObjects = @InstalledObjects + 2
		if @id_helpdiagrams is not null
			select @InstalledObjects = @InstalledObjects + 4
		if @id_helpdiagramdefinition is not null
			select @InstalledObjects = @InstalledObjects + 8
		if @id_creatediagram is not null
			select @InstalledObjects = @InstalledObjects + 16
		if @id_renamediagram is not null
			select @InstalledObjects = @InstalledObjects + 32
		if @id_alterdiagram  is not null
			select @InstalledObjects = @InstalledObjects + 64
		if @id_dropdiagram is not null
			select @InstalledObjects = @InstalledObjects + 128
		
		return @InstalledObjects 
	END
	//
DELIMITER ;

-- Copiando estrutura para tabela plms_db.ItemAttributeOptions
CREATE TABLE IF NOT EXISTS "ItemAttributeOptions" (
	"Id" INT NOT NULL,
	"ItemAttributeId" INT NOT NULL,
	"Name" VARCHAR(50) NOT NULL COLLATE 'Latin1_General_CI_AS',
	FOREIGN KEY INDEX "FK_ItemAtributeOptions_ItemAttributes" ("ItemAttributeId"),
	PRIMARY KEY ("Id"),
	CONSTRAINT "FK_ItemAtributeOptions_ItemAttributes" FOREIGN KEY ("ItemAttributeId") REFERENCES "ItemAttributes" ("Id") ON UPDATE NO_ACTION ON DELETE NO_ACTION
);

-- Copiando dados para a tabela plms_db.ItemAttributeOptions: 18 rows
/*!40000 ALTER TABLE "ItemAttributeOptions" DISABLE KEYS */;
INSERT INTO "ItemAttributeOptions" ("Id", "ItemAttributeId", "Name") VALUES
	(1, 6, 'KANBAN'),
	(2, 6, 'CONF_DEMANDA'),
	(3, 7, 'FORNECEDOR_1'),
	(4, 7, 'FORNECEDOR_2'),
	(5, 7, 'FORNECEDOR_3'),
	(6, 7, 'FORNECEDOR_4'),
	(7, 21, 'MDF'),
	(8, 21, 'COMPENSADO NAVAL'),
	(9, 21, 'PLASTICO'),
	(10, 21, 'ACRILICO'),
	(11, 25, 'M4'),
	(12, 25, 'M5'),
	(14, 25, 'M6'),
	(15, 25, 'M7'),
	(16, 25, 'M8'),
	(17, 21, 'ACO'),
	(18, 27, 'SEXTAVADA'),
	(19, 27, 'FENDA');
/*!40000 ALTER TABLE "ItemAttributeOptions" ENABLE KEYS */;

-- Copiando estrutura para tabela plms_db.ItemAttributes
CREATE TABLE IF NOT EXISTS "ItemAttributes" (
	"Id" INT NOT NULL,
	"Name" NVARCHAR(100) NOT NULL COLLATE 'Latin1_General_CI_AS',
	"Type" VARCHAR(50) NOT NULL COLLATE 'Latin1_General_CI_AS',
	"Unit" VARCHAR(50) NULL DEFAULT NULL COLLATE 'Latin1_General_CI_AS',
	PRIMARY KEY ("Id")
);

-- Copiando dados para a tabela plms_db.ItemAttributes: 14 rows
/*!40000 ALTER TABLE "ItemAttributes" DISABLE KEYS */;
INSERT INTO "ItemAttributes" ("Id", "Name", "Type", "Unit") VALUES
	(1, 'ITEM_COMPRADO', 'typeYesNo', NULL),
	(3, 'NECESSITA_FERRAMENTAL', 'typeYesNo', NULL),
	(5, 'LEAD_TIME_FABRICACAO', 'typeNumber', 'horas'),
	(6, 'METODO_PRODUCAO', 'typeSelect', NULL),
	(7, 'FORNECEDOR', 'typeSelect', NULL),
	(10, 'LEAD_TIME_ENTREGA', 'typeNumber', 'dias'),
	(13, 'NECESSITA_CONJUNTO', 'typeYesNo', NULL),
	(14, 'LARGURA', 'typeNumber', 'mm'),
	(18, 'ALTURA', 'typeNumber', 'mm'),
	(19, 'ESPESSURA', 'typeNumber', 'mm'),
	(21, 'MATERIAL', 'typeSelect', NULL),
	(25, 'DIAMETRO_PARAFUSO', 'typeSelect', NULL),
	(26, 'COMPRIMENTO', 'typeNumber', NULL),
	(27, 'CABECA_PARAFUSO', 'typeSelect', NULL);
/*!40000 ALTER TABLE "ItemAttributes" ENABLE KEYS */;

-- Copiando estrutura para tabela plms_db.ItemAttributeValues
CREATE TABLE IF NOT EXISTS "ItemAttributeValues" (
	"Id" INT NOT NULL,
	"ItemId" INT NOT NULL,
	"ItemAttributeId" INT NOT NULL,
	"ItemAttributeValueString" VARCHAR(200) NULL DEFAULT NULL COLLATE 'Latin1_General_CI_AS',
	"ItemAttributeValueNumber" DECIMAL(10,2) NULL DEFAULT NULL,
	FOREIGN KEY INDEX "FK_ItemAttributeValues_Items" ("ItemId"),
	FOREIGN KEY INDEX "FK_WorkFlowInstanceValues_WorkflowAttributes" ("ItemAttributeId"),
	PRIMARY KEY ("Id"),
	CONSTRAINT "FK_ItemAttributeValues_Items" FOREIGN KEY ("ItemId") REFERENCES "Items" ("Id") ON UPDATE NO_ACTION ON DELETE NO_ACTION,
	CONSTRAINT "FK_WorkFlowInstanceValues_WorkflowAttributes" FOREIGN KEY ("ItemAttributeId") REFERENCES "ItemAttributes" ("Id") ON UPDATE NO_ACTION ON DELETE NO_ACTION
);

-- Copiando dados para a tabela plms_db.ItemAttributeValues: 87 rows
/*!40000 ALTER TABLE "ItemAttributeValues" DISABLE KEYS */;
INSERT INTO "ItemAttributeValues" ("Id", "ItemId", "ItemAttributeId", "ItemAttributeValueString", "ItemAttributeValueNumber") VALUES
	(24, 15, 21, 'MDF', NULL),
	(25, 15, 19, '', NULL),
	(26, 15, 14, '', NULL),
	(27, 15, 18, '', NULL),
	(28, 15, 1, 'NAO', NULL),
	(29, 15, 3, 'NAO', NULL),
	(30, 15, 5, '', NULL),
	(31, 15, 6, 'KANBAN', NULL),
	(32, 15, 7, 'FORNECEDOR_1', NULL),
	(33, 15, 10, '', NULL),
	(34, 15, 13, 'NAO', NULL),
	(35, 16, 21, 'MDF', NULL),
	(36, 16, 14, '', NULL),
	(37, 16, 18, '', NULL),
	(38, 16, 19, '', NULL),
	(39, 16, 1, 'NAO', NULL),
	(40, 16, 3, 'NAO', NULL),
	(41, 16, 5, '', NULL),
	(42, 16, 6, 'KANBAN', NULL),
	(43, 16, 7, 'FORNECEDOR_1', NULL),
	(44, 16, 10, '', NULL),
	(45, 16, 13, 'NAO', NULL),
	(46, 17, 18, '', NULL),
	(47, 17, 19, '', NULL),
	(48, 17, 14, '', NULL),
	(49, 17, 21, 'MDF', NULL),
	(50, 17, 3, 'NAO', NULL),
	(51, 17, 1, 'NAO', NULL),
	(52, 17, 5, '', NULL),
	(53, 17, 6, 'KANBAN', NULL),
	(54, 17, 7, 'FORNECEDOR_1', NULL),
	(55, 17, 10, '', NULL),
	(56, 17, 13, 'NAO', NULL),
	(57, 18, 21, 'MDF', NULL),
	(58, 18, 18, '', NULL),
	(59, 18, 19, '', NULL),
	(60, 18, 14, '', NULL),
	(61, 18, 3, 'NAO', NULL),
	(62, 18, 1, 'SIM', NULL),
	(63, 18, 10, '', NULL),
	(64, 18, 7, 'FORNECEDOR_1', NULL),
	(65, 18, 13, 'NAO', NULL),
	(66, 19, 18, '', NULL),
	(67, 19, 19, '', NULL),
	(68, 19, 14, '', NULL),
	(69, 19, 21, 'MDF', NULL),
	(70, 19, 3, 'NAO', NULL),
	(71, 19, 1, 'SIM', NULL),
	(72, 19, 10, '', NULL),
	(73, 19, 7, 'FORNECEDOR_1', NULL),
	(74, 19, 13, 'NAO', NULL),
	(75, 20, 18, '', NULL),
	(76, 20, 14, '', NULL),
	(77, 20, 19, '', NULL),
	(78, 20, 21, 'MDF', NULL),
	(79, 20, 3, 'SIM', NULL),
	(80, 20, 1, 'NAO', NULL),
	(81, 20, 6, 'CONF_DEMANDA', NULL),
	(82, 20, 5, '', NULL),
	(83, 20, 13, 'NAO', NULL),
	(84, 21, 21, 'ACO', NULL),
	(85, 21, 26, '', NULL),
	(86, 21, 25, 'M4', NULL),
	(87, 21, 27, 'SEXTAVADA', NULL),
	(88, 21, 1, 'SIM', NULL),
	(89, 21, 3, 'NAO', NULL),
	(90, 21, 7, 'FORNECEDOR_2', NULL),
	(91, 21, 10, '', NULL),
	(92, 21, 13, 'NAO', NULL),
	(93, 22, 14, '', NULL),
	(94, 22, 19, '', NULL),
	(95, 22, 21, 'MDF', NULL),
	(96, 22, 18, '', NULL),
	(97, 22, 1, 'NAO', NULL),
	(98, 22, 3, 'NAO', NULL),
	(99, 22, 5, '', NULL),
	(100, 22, 6, 'KANBAN', NULL),
	(101, 22, 13, 'NAO', NULL),
	(102, 23, 27, 'FENDA', NULL),
	(103, 23, 21, 'ACO', NULL),
	(104, 23, 25, 'M6', NULL),
	(105, 23, 26, '', NULL),
	(106, 23, 3, 'NAO', NULL),
	(107, 23, 1, 'SIM', NULL),
	(108, 23, 10, '', NULL),
	(109, 23, 7, 'FORNECEDOR_1', NULL),
	(110, 23, 13, 'NAO', NULL);
/*!40000 ALTER TABLE "ItemAttributeValues" ENABLE KEYS */;

-- Copiando estrutura para tabela plms_db.ItemFamilies
CREATE TABLE IF NOT EXISTS "ItemFamilies" (
	"Id" INT NOT NULL,
	"Name" VARCHAR(20) NOT NULL COLLATE 'Latin1_General_CI_AS',
	"Description" VARCHAR(100) NOT NULL COLLATE 'Latin1_General_CI_AS',
	"DirectoryPath" NVARCHAR(500) NULL DEFAULT NULL COLLATE 'Latin1_General_CI_AS',
	PRIMARY KEY ("Id")
);

-- Copiando dados para a tabela plms_db.ItemFamilies: 20 rows
/*!40000 ALTER TABLE "ItemFamilies" DISABLE KEYS */;
INSERT INTO "ItemFamilies" ("Id", "Name", "Description", "DirectoryPath") VALUES
	(1, '0001', 'CHAPA PLANA', 'C:\px-infrastructure\library\0001'),
	(2, '0002', 'PARAFUSO', 'C:\px-infrastructure\library\0002'),
	(3, '0003', 'GAVETA', 'C:\px-infrastructure\library\0003'),
	(4, '0004', 'PUXADOR', 'C:\px-infrastructure\library\0004'),
	(5, '0005', 'PRATELEIRA', 'C:\px-infrastructure\library\0005'),
	(6, '0006', 'DOBRADICA', 'C:\px-infrastructure\library\0006'),
	(7, '0007', 'SUPORTE PRATELEIRA', 'C:\px-infrastructure\library\0007'),
	(8, '0008', 'PORTA', 'C:\px-infrastructure\library\0008'),
	(9, '0009', 'PORCA', 'C:\px-infrastructure\library\0009'),
	(10, '0010', 'CAVILHA', 'C:\px-infrastructure\library\0010'),
	(12, '0011', 'CABIDEIRO', 'C:\px-infrastructure\library\0011'),
	(13, '0012', 'PISTAO', 'C:\px-infrastructure\library\0012'),
	(14, '0013', 'CORREDICA', 'C:\px-infrastructure\library\0013'),
	(15, '0014', 'ESTANTE', 'C:\px-infrastructure\library\0014'),
	(16, '0015', 'GUARDA-ROUPAS', 'C:\px-infrastructure\library\0015'),
	(17, '0016', 'RACK', 'C:\px-infrastructure\library\0016'),
	(18, '0017', 'CAMA', 'C:\px-infrastructure\library\0017'),
	(19, '0018', 'MESA', 'C:\px-infrastructure\library\0018'),
	(20, '0019', 'ESCRIVANINHA', 'C:\px-infrastructure\library\0019'),
	(21, '0020', 'ARMARIO', 'C:\px-infrastructure\library\0020');
/*!40000 ALTER TABLE "ItemFamilies" ENABLE KEYS */;

-- Copiando estrutura para tabela plms_db.ItemNameReservations
CREATE TABLE IF NOT EXISTS "ItemNameReservations" (
	"Id" INT NOT NULL,
	"UserId" INT NOT NULL,
	"ItemName" VARCHAR(20) NOT NULL COLLATE 'Latin1_General_CI_AS',
	"ItemFamily" VARCHAR(10) NOT NULL COLLATE 'Latin1_General_CI_AS',
	FOREIGN KEY INDEX "FK_ItemNameReservations_Users" ("UserId"),
	PRIMARY KEY ("Id"),
	CONSTRAINT "FK_ItemNameReservations_Users" FOREIGN KEY ("UserId") REFERENCES "Users" ("Id") ON UPDATE NO_ACTION ON DELETE NO_ACTION
);

-- Copiando dados para a tabela plms_db.ItemNameReservations: 11 rows
/*!40000 ALTER TABLE "ItemNameReservations" DISABLE KEYS */;
INSERT INTO "ItemNameReservations" ("Id", "UserId", "ItemName", "ItemFamily") VALUES
	(46, 1, '00010001', '0001'),
	(47, 1, '00020001', '0002'),
	(48, 1, '00010002', '0001'),
	(49, 1, '00020002', '0002'),
	(50, 1, '00010003', '0001'),
	(51, 1, '00010004', '0001'),
	(52, 1, '00020003', '0002'),
	(53, 1, '00020004', '0002'),
	(54, 1, '00010005', '0001'),
	(55, 1, '00010006', '0001'),
	(56, 1, '00010007', '0001');
/*!40000 ALTER TABLE "ItemNameReservations" ENABLE KEYS */;

-- Copiando estrutura para tabela plms_db.Items
CREATE TABLE IF NOT EXISTS "Items" (
	"Id" INT NOT NULL,
	"Name" VARCHAR(100) NOT NULL COLLATE 'Latin1_General_CI_AS',
	"Revision" VARCHAR(10) NOT NULL DEFAULT '''-''' COLLATE 'Latin1_General_CI_AS',
	"Version" INT NULL DEFAULT NULL,
	"Description" VARCHAR(200) NOT NULL COLLATE 'Latin1_General_CI_AS',
	"Family" VARCHAR(20) NOT NULL COLLATE 'Latin1_General_CI_AS',
	"Status" VARCHAR(20) NOT NULL COLLATE 'Latin1_General_CI_AS',
	"CreatedBy" INT NOT NULL,
	"CreatedAt" DATE NOT NULL,
	"LastModifiedBy" INT NOT NULL,
	"LastModifiedAt" DATE NOT NULL,
	"CheckedOutBy" INT NULL DEFAULT '(0)',
	"FamilyId" INT NOT NULL,
	FOREIGN KEY INDEX "FK_Items_ItemFamilies" ("FamilyId"),
	FOREIGN KEY INDEX "FK_Items_Users" ("CreatedBy"),
	PRIMARY KEY ("Id"),
	CONSTRAINT "FK_Items_Users" FOREIGN KEY ("CreatedBy") REFERENCES "Users" ("Id") ON UPDATE NO_ACTION ON DELETE NO_ACTION,
	CONSTRAINT "FK_Items_ItemFamilies" FOREIGN KEY ("FamilyId") REFERENCES "ItemFamilies" ("Id") ON UPDATE NO_ACTION ON DELETE NO_ACTION
);

-- Copiando dados para a tabela plms_db.Items: 9 rows
/*!40000 ALTER TABLE "Items" DISABLE KEYS */;
INSERT INTO "Items" ("Id", "Name", "Revision", "Version", "Description", "Family", "Status", "CreatedBy", "CreatedAt", "LastModifiedBy", "LastModifiedAt", "CheckedOutBy", "FamilyId") VALUES
	(15, '00010001', '-', 1, 'CHAPA PLANA', '0001', 'released', 1, '2024-09-16', 1, '2024-09-16', 0, 1),
	(16, '00010001', 'A', 2, 'CHAPA PLANA', '0001', 'released', 1, '2024-09-16', 1, '2024-09-16', 0, 1),
	(17, '00010001', 'B', 3, 'CHAPA PLANA', '0001', 'released', 1, '2024-09-16', 1, '2024-09-16', 0, 1),
	(18, '00010003', '-', 1, 'CHAPA PLANA', '0001', 'released', 1, '2024-09-17', 1, '2024-09-17', 0, 1),
	(19, '00010003', 'A', 2, 'CHAPA PLANA', '0001', 'released', 1, '2024-09-17', 1, '2024-09-17', 0, 1),
	(20, '00010004', '-', 1, 'CHAPA PLANA', '0001', 'released', 1, '2024-09-17', 1, '2024-09-17', 0, 1),
	(21, '00020003', '-', 1, 'PARAFUSO', '0002', 'released', 1, '2024-09-17', 1, '2024-09-17', 0, 2),
	(22, '00010005', '-', 1, 'CHAPA PLANA', '0001', 'inWorkflow', 1, '2024-09-17', 1, '2024-09-17', 1, 1),
	(23, '00020004', '-', 1, 'PARAFUSO', '0002', 'released', 1, '2024-09-22', 1, '2024-09-22', 0, 2);
/*!40000 ALTER TABLE "Items" ENABLE KEYS */;

-- Copiando estrutura para tabela plms_db.Models
CREATE TABLE IF NOT EXISTS "Models" (
	"Id" INT NOT NULL,
	"Name" VARCHAR(100) NOT NULL DEFAULT '''''' COLLATE 'Latin1_General_CI_AS',
	"CommonName" VARCHAR(100) NULL DEFAULT NULL COLLATE 'Latin1_General_CI_AS',
	"Type" VARCHAR(20) NOT NULL COLLATE 'Latin1_General_CI_AS',
	"Version" INT NOT NULL DEFAULT '(1)',
	"Revision" VARCHAR(10) NOT NULL DEFAULT '''-''' COLLATE 'Latin1_General_CI_AS',
	"FilePath" VARCHAR(500) NOT NULL COLLATE 'Latin1_General_CI_AS',
	"ItemId" INT NOT NULL DEFAULT '(0)',
	"CreatedBy" INT NOT NULL,
	"CreatedAt" DATE NOT NULL,
	"CheckedOutBy" INT NULL DEFAULT NULL,
	"LastModifiedBy" INT NULL DEFAULT NULL,
	"LastModifiedAt" DATE NULL DEFAULT NULL,
	FOREIGN KEY INDEX "FK_Models_Items" ("ItemId"),
	PRIMARY KEY ("Id"),
	CONSTRAINT "FK_Models_Items" FOREIGN KEY ("ItemId") REFERENCES "Items" ("Id") ON UPDATE NO_ACTION ON DELETE NO_ACTION
);

-- Copiando dados para a tabela plms_db.Models: 18 rows
/*!40000 ALTER TABLE "Models" DISABLE KEYS */;
INSERT INTO "Models" ("Id", "Name", "CommonName", "Type", "Version", "Revision", "FilePath", "ItemId", "CreatedBy", "CreatedAt", "CheckedOutBy", "LastModifiedBy", "LastModifiedAt") VALUES
	(36, '00010001', '', '.prt', 1, '-', 'c:/px-infrastructure/library/0001\00010001.prt', 15, 1, '2024-09-16', 0, 1, '2024-09-16'),
	(37, '00010001', '', '.drw', 1, '-', 'c:/px-infrastructure/library/0001\00010001.drw', 15, 1, '2024-09-16', 0, 1, '2024-09-16'),
	(38, '00010001', '', '.prt', 2, 'A', 'c:/px-infrastructure/library/0001\00010001.prt', 16, 1, '2024-09-16', 0, 1, '2024-09-16'),
	(39, '00010001', '', '.drw', 2, 'A', 'c:/px-infrastructure/library/0001\00010001.drw', 16, 1, '2024-09-16', 0, 1, '2024-09-16'),
	(40, '00010001', '', '.prt', 3, 'B', 'c:/px-infrastructure/library/0001\00010001.prt', 17, 1, '2024-09-16', 0, 1, '2024-09-16'),
	(41, '00010001', '', '.drw', 3, 'B', 'c:/px-infrastructure/library/0001\00010001.drw', 17, 1, '2024-09-16', 0, 1, '2024-09-16'),
	(42, '00010003', '', '.prt', 1, '-', 'c:/px-infrastructure/library/0001\00010003.prt', 18, 1, '2024-09-17', 0, 1, '2024-09-17'),
	(43, '00010003', '', '.drw', 1, '-', 'c:/px-infrastructure/library/0001\00010003.drw', 18, 1, '2024-09-17', 0, 1, '2024-09-17'),
	(44, '00010003', '', '.prt', 2, 'A', 'c:/px-infrastructure/library/0001\00010003.prt', 19, 1, '2024-09-17', 0, 1, '2024-09-17'),
	(45, '00010003', '', '.drw', 2, 'A', 'c:/px-infrastructure/library/0001\00010003.drw', 19, 1, '2024-09-17', 0, 1, '2024-09-17'),
	(46, '00010004', '', '.prt', 1, '-', 'c:/px-infrastructure/library/0001\00010004.prt', 20, 1, '2024-09-17', 0, 1, '2024-09-17'),
	(47, '00010004', '', '.drw', 1, '-', 'c:/px-infrastructure/library/0001\00010004.drw', 20, 1, '2024-09-17', 0, 1, '2024-09-17'),
	(48, '00020003', '', '.prt', 1, '-', 'c:/px-infrastructure/library/0002\00020003.prt', 21, 1, '2024-09-17', 0, 1, '2024-09-17'),
	(49, '00020003', '', '.drw', 1, '-', 'c:/px-infrastructure/library/0002\00020003.drw', 21, 1, '2024-09-17', 0, 1, '2024-09-17'),
	(50, '00010005', '', '.prt', 1, '-', 'c:/px-infrastructure/library/0001\00010005.prt', 22, 1, '2024-09-17', 1, 1, '2024-09-17'),
	(51, '00010005', '', '.drw', 1, '-', 'c:/px-infrastructure/library/0001\00010005.drw', 22, 1, '2024-09-17', 1, 1, '2024-09-17'),
	(52, '00020004', '', '.prt', 1, '-', 'c:/px-infrastructure/library/0002\00020004.prt', 23, 1, '2024-09-22', 0, 1, '2024-09-22'),
	(53, '00020004', '', '.drw', 1, '-', 'c:/px-infrastructure/library/0002\00020004.drw', 23, 1, '2024-09-22', 0, 1, '2024-09-22');
/*!40000 ALTER TABLE "Models" ENABLE KEYS */;

-- Copiando estrutura para tabela plms_db.Roles
CREATE TABLE IF NOT EXISTS "Roles" (
	"Id" INT NOT NULL,
	"Name" VARCHAR(50) NOT NULL COLLATE 'Latin1_General_CI_AS',
	PRIMARY KEY ("Id")
);

-- Copiando dados para a tabela plms_db.Roles: 6 rows
/*!40000 ALTER TABLE "Roles" DISABLE KEYS */;
INSERT INTO "Roles" ("Id", "Name") VALUES
	(1, 'engenharia'),
	(2, 'dmp'),
	(3, 'pcp'),
	(4, 'compras'),
	(5, 'ep'),
	(6, 'admin');
/*!40000 ALTER TABLE "Roles" ENABLE KEYS */;

-- Copiando estrutura para tabela plms_db.Roles_Department
CREATE TABLE IF NOT EXISTS "Roles_Department" (
	"Id" INT NOT NULL,
	"RoleId" INT NOT NULL,
	"DepartmentId" INT NOT NULL,
	FOREIGN KEY INDEX "FK_Roles_Department_Departments" ("DepartmentId"),
	FOREIGN KEY INDEX "FK_Roles_Department_Roles" ("RoleId"),
	PRIMARY KEY ("Id"),
	CONSTRAINT "FK_Roles_Department_Roles" FOREIGN KEY ("RoleId") REFERENCES "Roles" ("Id") ON UPDATE NO_ACTION ON DELETE NO_ACTION,
	CONSTRAINT "FK_Roles_Department_Departments" FOREIGN KEY ("DepartmentId") REFERENCES "Departments" ("Id") ON UPDATE NO_ACTION ON DELETE NO_ACTION
);

-- Copiando dados para a tabela plms_db.Roles_Department: 10 rows
/*!40000 ALTER TABLE "Roles_Department" DISABLE KEYS */;
INSERT INTO "Roles_Department" ("Id", "RoleId", "DepartmentId") VALUES
	(1, 1, 1),
	(2, 2, 2),
	(3, 3, 3),
	(4, 4, 4),
	(5, 5, 5),
	(6, 6, 1),
	(7, 6, 2),
	(8, 6, 3),
	(10, 6, 4),
	(11, 6, 5);
/*!40000 ALTER TABLE "Roles_Department" ENABLE KEYS */;

-- Copiando estrutura para tabela plms_db.Specification
CREATE TABLE IF NOT EXISTS "Specification" (
	"Id" INT NOT NULL,
	"ItemFamilyId" INT NOT NULL,
	FOREIGN KEY INDEX "FK_Specification_ItemFamilies" ("ItemFamilyId"),
	PRIMARY KEY ("Id"),
	CONSTRAINT "FK_Specification_ItemFamilies" FOREIGN KEY ("ItemFamilyId") REFERENCES "ItemFamilies" ("Id") ON UPDATE NO_ACTION ON DELETE NO_ACTION
);

-- Copiando dados para a tabela plms_db.Specification: 0 rows
/*!40000 ALTER TABLE "Specification" DISABLE KEYS */;
/*!40000 ALTER TABLE "Specification" ENABLE KEYS */;

-- Copiando estrutura para procedure plms_db.sp_alterdiagram
DELIMITER //

	CREATE PROCEDURE dbo.sp_alterdiagram
	(
		@diagramname 	sysname,
		@owner_id	int	= null,
		@version 	int,
		@definition 	varbinary(max)
	)
	WITH EXECUTE AS 'dbo'
	AS
	BEGIN
		set nocount on
	
		declare @theId 			int
		declare @retval 		int
		declare @IsDbo 			int
		
		declare @UIDFound 		int
		declare @DiagId			int
		declare @ShouldChangeUID	int
	
		if(@diagramname is null)
		begin
			RAISERROR ('Invalid ARG', 16, 1)
			return -1
		end
	
		execute as caller;
		select @theId = DATABASE_PRINCIPAL_ID();	 
		select @IsDbo = IS_MEMBER(N'db_owner'); 
		if(@owner_id is null)
			select @owner_id = @theId;
		revert;
	
		select @ShouldChangeUID = 0
		select @DiagId = diagram_id, @UIDFound = principal_id from dbo.sysdiagrams where principal_id = @owner_id and name = @diagramname 
		
		if(@DiagId IS NULL or (@IsDbo = 0 and @theId <> @UIDFound))
		begin
			RAISERROR ('Diagram does not exist or you do not have permission.', 16, 1);
			return -3
		end
	
		if(@IsDbo <> 0)
		begin
			if(@UIDFound is null or USER_NAME(@UIDFound) is null) -- invalid principal_id
			begin
				select @ShouldChangeUID = 1 ;
			end
		end

		-- update dds data			
		update dbo.sysdiagrams set definition = @definition where diagram_id = @DiagId ;

		-- change owner
		if(@ShouldChangeUID = 1)
			update dbo.sysdiagrams set principal_id = @theId where diagram_id = @DiagId ;

		-- update dds version
		if(@version is not null)
			update dbo.sysdiagrams set version = @version where diagram_id = @DiagId ;

		return 0
	END
	//
DELIMITER ;

-- Copiando estrutura para procedure plms_db.sp_creatediagram
DELIMITER //

	CREATE PROCEDURE dbo.sp_creatediagram
	(
		@diagramname 	sysname,
		@owner_id		int	= null, 	
		@version 		int,
		@definition 	varbinary(max)
	)
	WITH EXECUTE AS 'dbo'
	AS
	BEGIN
		set nocount on
	
		declare @theId int
		declare @retval int
		declare @IsDbo	int
		declare @userName sysname
		if(@version is null or @diagramname is null)
		begin
			RAISERROR (N'E_INVALIDARG', 16, 1);
			return -1
		end
	
		execute as caller;
		select @theId = DATABASE_PRINCIPAL_ID(); 
		select @IsDbo = IS_MEMBER(N'db_owner');
		revert; 
		
		if @owner_id is null
		begin
			select @owner_id = @theId;
		end
		else
		begin
			if @theId <> @owner_id
			begin
				if @IsDbo = 0
				begin
					RAISERROR (N'E_INVALIDARG', 16, 1);
					return -1
				end
				select @theId = @owner_id
			end
		end
		-- next 2 line only for test, will be removed after define name unique
		if EXISTS(select diagram_id from dbo.sysdiagrams where principal_id = @theId and name = @diagramname)
		begin
			RAISERROR ('The name is already used.', 16, 1);
			return -2
		end
	
		insert into dbo.sysdiagrams(name, principal_id , version, definition)
				VALUES(@diagramname, @theId, @version, @definition) ;
		
		select @retval = @@IDENTITY 
		return @retval
	END
	//
DELIMITER ;

-- Copiando estrutura para procedure plms_db.sp_dropdiagram
DELIMITER //

	CREATE PROCEDURE dbo.sp_dropdiagram
	(
		@diagramname 	sysname,
		@owner_id	int	= null
	)
	WITH EXECUTE AS 'dbo'
	AS
	BEGIN
		set nocount on
		declare @theId 			int
		declare @IsDbo 			int
		
		declare @UIDFound 		int
		declare @DiagId			int
	
		if(@diagramname is null)
		begin
			RAISERROR ('Invalid value', 16, 1);
			return -1
		end
	
		EXECUTE AS CALLER;
		select @theId = DATABASE_PRINCIPAL_ID();
		select @IsDbo = IS_MEMBER(N'db_owner'); 
		if(@owner_id is null)
			select @owner_id = @theId;
		REVERT; 
		
		select @DiagId = diagram_id, @UIDFound = principal_id from dbo.sysdiagrams where principal_id = @owner_id and name = @diagramname 
		if(@DiagId IS NULL or (@IsDbo = 0 and @UIDFound <> @theId))
		begin
			RAISERROR ('Diagram does not exist or you do not have permission.', 16, 1)
			return -3
		end
	
		delete from dbo.sysdiagrams where diagram_id = @DiagId;
	
		return 0;
	END
	//
DELIMITER ;

-- Copiando estrutura para procedure plms_db.sp_helpdiagramdefinition
DELIMITER //

	CREATE PROCEDURE dbo.sp_helpdiagramdefinition
	(
		@diagramname 	sysname,
		@owner_id	int	= null 		
	)
	WITH EXECUTE AS N'dbo'
	AS
	BEGIN
		set nocount on

		declare @theId 		int
		declare @IsDbo 		int
		declare @DiagId		int
		declare @UIDFound	int
	
		if(@diagramname is null)
		begin
			RAISERROR (N'E_INVALIDARG', 16, 1);
			return -1
		end
	
		execute as caller;
		select @theId = DATABASE_PRINCIPAL_ID();
		select @IsDbo = IS_MEMBER(N'db_owner');
		if(@owner_id is null)
			select @owner_id = @theId;
		revert; 
	
		select @DiagId = diagram_id, @UIDFound = principal_id from dbo.sysdiagrams where principal_id = @owner_id and name = @diagramname;
		if(@DiagId IS NULL or (@IsDbo = 0 and @UIDFound <> @theId ))
		begin
			RAISERROR ('Diagram does not exist or you do not have permission.', 16, 1);
			return -3
		end

		select version, definition FROM dbo.sysdiagrams where diagram_id = @DiagId ; 
		return 0
	END
	//
DELIMITER ;

-- Copiando estrutura para procedure plms_db.sp_helpdiagrams
DELIMITER //

	CREATE PROCEDURE dbo.sp_helpdiagrams
	(
		@diagramname sysname = NULL,
		@owner_id int = NULL
	)
	WITH EXECUTE AS N'dbo'
	AS
	BEGIN
		DECLARE @user sysname
		DECLARE @dboLogin bit
		EXECUTE AS CALLER;
			SET @user = USER_NAME();
			SET @dboLogin = CONVERT(bit,IS_MEMBER('db_owner'));
		REVERT;
		SELECT
			[Database] = DB_NAME(),
			[Name] = name,
			[ID] = diagram_id,
			[Owner] = USER_NAME(principal_id),
			[OwnerID] = principal_id
		FROM
			sysdiagrams
		WHERE
			(@dboLogin = 1 OR USER_NAME(principal_id) = @user) AND
			(@diagramname IS NULL OR name = @diagramname) AND
			(@owner_id IS NULL OR principal_id = @owner_id)
		ORDER BY
			4, 5, 1
	END
	//
DELIMITER ;

-- Copiando estrutura para procedure plms_db.sp_renamediagram
DELIMITER //

	CREATE PROCEDURE dbo.sp_renamediagram
	(
		@diagramname 		sysname,
		@owner_id		int	= null,
		@new_diagramname	sysname
	
	)
	WITH EXECUTE AS 'dbo'
	AS
	BEGIN
		set nocount on
		declare @theId 			int
		declare @IsDbo 			int
		
		declare @UIDFound 		int
		declare @DiagId			int
		declare @DiagIdTarg		int
		declare @u_name			sysname
		if((@diagramname is null) or (@new_diagramname is null))
		begin
			RAISERROR ('Invalid value', 16, 1);
			return -1
		end
	
		EXECUTE AS CALLER;
		select @theId = DATABASE_PRINCIPAL_ID();
		select @IsDbo = IS_MEMBER(N'db_owner'); 
		if(@owner_id is null)
			select @owner_id = @theId;
		REVERT;
	
		select @u_name = USER_NAME(@owner_id)
	
		select @DiagId = diagram_id, @UIDFound = principal_id from dbo.sysdiagrams where principal_id = @owner_id and name = @diagramname 
		if(@DiagId IS NULL or (@IsDbo = 0 and @UIDFound <> @theId))
		begin
			RAISERROR ('Diagram does not exist or you do not have permission.', 16, 1)
			return -3
		end
	
		-- if((@u_name is not null) and (@new_diagramname = @diagramname))	-- nothing will change
		--	return 0;
	
		if(@u_name is null)
			select @DiagIdTarg = diagram_id from dbo.sysdiagrams where principal_id = @theId and name = @new_diagramname
		else
			select @DiagIdTarg = diagram_id from dbo.sysdiagrams where principal_id = @owner_id and name = @new_diagramname
	
		if((@DiagIdTarg is not null) and  @DiagId <> @DiagIdTarg)
		begin
			RAISERROR ('The name is already used.', 16, 1);
			return -2
		end		
	
		if(@u_name is null)
			update dbo.sysdiagrams set [name] = @new_diagramname, principal_id = @theId where diagram_id = @DiagId
		else
			update dbo.sysdiagrams set [name] = @new_diagramname where diagram_id = @DiagId
		return 0
	END
	//
DELIMITER ;

-- Copiando estrutura para procedure plms_db.sp_upgraddiagrams
DELIMITER //

	CREATE PROCEDURE dbo.sp_upgraddiagrams
	AS
	BEGIN
		IF OBJECT_ID(N'dbo.sysdiagrams') IS NOT NULL
			return 0;
	
		CREATE TABLE dbo.sysdiagrams
		(
			name sysname NOT NULL,
			principal_id int NOT NULL,	-- we may change it to varbinary(85)
			diagram_id int PRIMARY KEY IDENTITY,
			version int,
	
			definition varbinary(max)
			CONSTRAINT UK_principal_name UNIQUE
			(
				principal_id,
				name
			)
		);


		/* Add this if we need to have some form of extended properties for diagrams */
		/*
		IF OBJECT_ID(N'dbo.sysdiagram_properties') IS NULL
		BEGIN
			CREATE TABLE dbo.sysdiagram_properties
			(
				diagram_id int,
				name sysname,
				value varbinary(max) NOT NULL
			)
		END
		*/

		IF OBJECT_ID(N'dbo.dtproperties') IS NOT NULL
		begin
			insert into dbo.sysdiagrams
			(
				[name],
				[principal_id],
				[version],
				[definition]
			)
			select	 
				convert(sysname, dgnm.[uvalue]),
				DATABASE_PRINCIPAL_ID(N'dbo'),			-- will change to the sid of sa
				0,							-- zero for old format, dgdef.[version],
				dgdef.[lvalue]
			from dbo.[dtproperties] dgnm
				inner join dbo.[dtproperties] dggd on dggd.[property] = 'DtgSchemaGUID' and dggd.[objectid] = dgnm.[objectid]	
				inner join dbo.[dtproperties] dgdef on dgdef.[property] = 'DtgSchemaDATA' and dgdef.[objectid] = dgnm.[objectid]
				
			where dgnm.[property] = 'DtgSchemaNAME' and dggd.[uvalue] like N'_EA3E6268-D998-11CE-9454-00AA00A3F36E_' 
			return 2;
		end
		return 1;
	END
	//
DELIMITER ;

-- Copiando estrutura para tabela plms_db.StepForks
CREATE TABLE IF NOT EXISTS "StepForks" (
	"Id" INT NOT NULL,
	"WorkflowTemplateId" INT NOT NULL,
	"WorkflowStepId" INT NOT NULL,
	"DecisionAttributeId" INT NULL DEFAULT NULL,
	"DecisionAttributeValue" VARCHAR(100) NULL DEFAULT NULL COLLATE 'Latin1_General_CI_AS',
	"NextStepId" INT NOT NULL,
	FOREIGN KEY INDEX "FK_StepForks_ItemAttributes" ("DecisionAttributeId"),
	FOREIGN KEY INDEX "FK_StepForks_WorkflowSteps" ("WorkflowStepId"),
	FOREIGN KEY INDEX "FK_StepForks_WorkflowSteps1" ("NextStepId"),
	PRIMARY KEY ("Id"),
	CONSTRAINT "FK_StepForks_WorkflowSteps" FOREIGN KEY ("WorkflowStepId") REFERENCES "WorkflowSteps" ("Id") ON UPDATE NO_ACTION ON DELETE NO_ACTION,
	CONSTRAINT "FK_StepForks_ItemAttributes" FOREIGN KEY ("DecisionAttributeId") REFERENCES "ItemAttributes" ("Id") ON UPDATE NO_ACTION ON DELETE NO_ACTION,
	CONSTRAINT "FK_StepForks_WorkflowSteps1" FOREIGN KEY ("NextStepId") REFERENCES "WorkflowSteps" ("Id") ON UPDATE NO_ACTION ON DELETE NO_ACTION
);

-- Copiando dados para a tabela plms_db.StepForks: 2 rows
/*!40000 ALTER TABLE "StepForks" DISABLE KEYS */;
INSERT INTO "StepForks" ("Id", "WorkflowTemplateId", "WorkflowStepId", "DecisionAttributeId", "DecisionAttributeValue", "NextStepId") VALUES
	(1, 2, 2, 1, 'SIM', 6),
	(2, 2, 4, NULL, NULL, 7);
/*!40000 ALTER TABLE "StepForks" ENABLE KEYS */;

-- Copiando estrutura para tabela plms_db.sysdiagrams
CREATE TABLE IF NOT EXISTS "sysdiagrams" (
	"name" NVARCHAR(128) NOT NULL COLLATE 'Latin1_General_CI_AS',
	"principal_id" INT NOT NULL,
	"diagram_id" INT NOT NULL,
	"version" INT NULL DEFAULT NULL,
	"definition" VARBINARY NULL DEFAULT NULL,
	PRIMARY KEY ("diagram_id"),
	UNIQUE INDEX "UK_principal_name" ("name", "principal_id")
);

-- Copiando dados para a tabela plms_db.sysdiagrams: 1 rows
/*!40000 ALTER TABLE "sysdiagrams" DISABLE KEYS */;
INSERT INTO "sysdiagrams" ("name", "principal_id", "diagram_id", "version", "definition") VALUES
	('px_db_diagram', 1, 1, 1, _binary 0xD0CF11E0A1B11AE1000000000000000000000000000000003E000300FEFF090006000000000000000000000002000000010000000000000000100000C400000001000000FEFFFFFF000000000000000002000000FFFFFFFFFFFFFFFFFFFFFFFFFFFFFFFFFFFFFFFFFFFFFFFFFFFFFFFFFFFFFFFFFFFFFFFFFFFFFFFFFFFFFFFFFFFFFFFFFFFFFFFFFFFFFFFFFFFFFFFFFFFFFFFFFFFFFFFFFFFFFFFFFFFFFFFFFFFFFFFFFFFFFFFFFFFFFFFFFFFFFFFFFFFFFFFFFFFFFFFFFFFFFFFFFFFFFFFFFFFFFFFFFFFFFFFFFFFFFFFFFFFFFFFFFFFFFFFFFFFFFFFFFFFFFFFFFFFFFFFFFFFFFFFFFFFFFFFFFFFFFFFFFFFFFFFFFFFFFFFFFFFFFFFFFFFFFFFFFFFFFFFFFFFFFFFFFFFFFFFFFFFFFFFFFFFFFFFFFFFFFFFFFFFFFFFFFFFFFFFFFFFFFFFFFFFFFFFFFFFFFFFFFFFFFFFFFFFFFFFFFFFFFFFFFFFFFFFFFFFFFFFFFFFFFFFFFFFFFFFFFFFFFFFFFFFFFFFFFFFFFFFFFFFFFFFFFFFFFFFFFFFFFFFFFFFFFFFFFFFFFFFFFFFFFFFFFFFFFFFFFFFFFFFFFFFFFFFFFFFFFFFFFFFFFFFFFFFFFFFFFFFFFFFFFFFFFFFFFFFFFFFFFFFFFFFFFFFFFFFFFFFFFFFFFFFFFFFFFFFFFFFFFFFFFFFFFFFFFFFFFFFFFFFFFFFFFFFFFFFFFFFFFFFFFFFFFFFFFFFFFFFFFFFFFFFFFFFFFFFFFFFFFFFFFFFFFFFFFFFFFFFFFFFFFFFFFFFFFFFFFFFFFFFFFFFFFFFFFFFFFFFFFFFFFFFFFFFFFFFFFFFFFFFFFFFFFFFFFFFFFFFFFFFFFFFFFFFFFDFFFFFFC9000000FDFFFFFF0400000005000000060000000700000008000000090000000A0000000B0000000C0000000D0000000E0000000F000000100000001100000012000000130000001400000015000000160000001700000018000000190000001A0000001B0000001C0000001D0000001E0000001F000000200000002100000022000000230000002400000025000000260000002700000028000000290000002A0000002B0000002C0000002D0000002E0000002F000000300000003100000032000000330000003400000035000000360000003700000038000000390000003A0000003B0000003C0000003D0000003E0000003F000000400000004100000042000000430000004400000045000000460000004700000048000000490000004A0000004B0000004C0000004D0000004E0000004F000000500000005100000052000000530000005400000055000000560000005700000058000000590000005A0000005B0000005C0000005D0000005E0000005F000000600000006100000062000000630000006400000065000000660000006700000068000000690000006A0000006B0000006C0000006D0000006E0000006F000000700000007100000072000000730000007400000075000000760000007700000078000000790000007A0000007B0000007C0000007D0000007E0000007F0000008000000052006F006F007400200045006E00740072007900000000000000000000000000000000000000000000000000000000000000000000000000000000000000000016000500FFFFFFFFFFFFFFFF02000000000000000000000000000000000000000000000000000000000000004090D3867D07DB01C5000000C00600000000000044006400730058004D004C00530074007200650061006D00000000000000000000000000000000000000000000000000000000000000000000000000000000001A000201FFFFFFFFFFFFFFFFFFFFFFFF000000000000000000000000000000000000000000000000000000000000000000000000030000008C8101000000000053006300680065006D00610020005500440056002000440065006600610075006C00740000000000000000000000000000000000000000000000000000000000260002010100000003000000FFFFFFFF000000000000000000000000000000000000000000000000000000000000000000000000000000001600000000000000440053005200450046002D0053004300480045004D0041002D0043004F004E00540045004E0054005300000000000000000000000000000000000000000000002C000201FFFFFFFF04000000FFFFFFFF000000000000000000000000000000000000000000000000000000000000000000000000010000001A060000000000008100000082000000830000008400000085000000860000008700000088000000890000008A0000008B0000008C0000008D0000008E0000008F000000900000009100000092000000930000009400000095000000960000009700000098000000990000009A0000009B0000009C0000009D0000009E0000009F000000A0000000A1000000A2000000A3000000A4000000A5000000A6000000A7000000A8000000A9000000AA000000AB000000AC000000AD000000AE000000AF000000B0000000B1000000B2000000B3000000B4000000B5000000B6000000B7000000B8000000B9000000BA000000BB000000BC000000BD000000BE000000BF000000C0000000C1000000C2000000C3000000FEFFFFFFFEFFFFFFC6000000C7000000C8000000FEFFFFFFFEFFFFFFFFFFFFFFFFFFFFFFFFFFFFFFFFFFFFFFFFFFFFFFFFFFFFFFFFFFFFFFFFFFFFFFFFFFFFFFFFFFFFFFFFFFFFFFFFFFFFFFFFFFFFFFFFFFFFFFFFFFFFFFFFFFFFFFFFFFFFFFFFFFFFFFFFFFFFFFFFFFFFFFFFFFFFFFFFFFFFFFFFFFFFFFFFFFFFFFFFFFFFFFFFFFFFFFFFFFFFFFFFFFFFFFFFFFFFFFFFFFFFFFFFFFFFFFFFFFFFFFFFFFFFFFFFFFFFFFFFFFFFFFFFFFFFFFFFFFFFFFFFFFFFFFFFFFFFFFFFFFFFFFFFFFFFFFFFFFFFFFFFFFFFFFFFFFFFFFFFFFFFFFFFFFFFFFFFFFFFFFFFFFFFFFFFFFFFFFFFFFFFFFFFFFFFFFFFFFFFFFFFFFFFFFFFFFFFFF3C6464733E3C6469616772616D20666F6E74636C7369643D227B37374432433932442D373737392D313144382D393037302D3030303635423834304439437D22206D6F75736569636F6E636C7369643D227B30424533353230342D384639312D313143452D394445332D3030414130303442423835317D222064656661756C746C61796F75743D224D534444532E52656374696C696E656172222064656661756C746C696E65726F7574653D224D534444532E52656374696C696E656172222076657273696F6E3D223722206E6578746F626A6563743D2231323222207363616C653D22313030222070616765627265616B616E63686F72783D2230222070616765627265616B616E63686F72793D2230222070616765627265616B73697A65783D2230222070616765627265616B73697A65793D223022207363726F6C6C6C6566743D222D3738313022207363726F6C6C746F703D2232323238222067726964783D22313530222067726964793D2231353022206D617267696E783D223530303022206D617267696E793D223530303022207A6F6F6D3D2238302220783D2232373833342220793D22313438313722206261636B636F6C6F723D222D32313437343833363433222064656661756C7470657273697374656E63653D223322205072696E74506167654E756D626572734D6F64653D223322205072696E744D617267696E546F703D223022205072696E744D617267696E426F74746F6D3D2236333522205072696E744D617267696E4C6566743D223022205072696E744D617267696E52696768743D223022206D61727175656573656C656374696F6E6D6F64653D223122206D6F757365706F696E7465723D22302220736E6170746F677269643D223122206175746F74797065616E6E6F746174696F6E3D2231222073686F777363726F6C6C626172733D223122207669657770616765627265616B733D22302220646F6E6F74666F726365636F6E6E6563746F7273626568696E647368617065733D2231223E3C666F6E743E3C646473786D6C6F626A65637473747265616D777261707065722062696E6172793D22303030303038303033303030303030303030303230303030222F3E3C2F666F6E743E3C6D6F75736569636F6E3E3C646473786D6C6F626A65637473747265616D777261707065722062696E6172793D2236633734303030303030303030303030222F3E3C2F6D6F75736569636F6E3E3C2F6469616772616D3E3C6C61796F75746D616E616765723E3C646473786D6C6F626A3E3C70726F7065727479206E616D653D227363685F6C6162656C735F76697369626C65222076616C75653D22302220766172747970653D223131222F3E3C2F646473786D6C6F626A3E3C2F6C61796F75746D616E616765723E3C646473636F6E74726F6C20636F6E74726F6C70726F6769643D227B36323341433037352D324337372D343837332D383833442D3933304234333634423442437D2220746F6F6C7469703D224465706172746D656E747322206C6566743D222D393330302220746F703D222D3834303022206C6F676963616C69643D22312220636F6E74726F6C69643D223122206D617374657269643D2230222068696E74313D2230222068696E74323D2230222077696474683D223539303922206865696768743D223237373922206E6F726573697A653D223022206E6F6D6F76653D223022206E6F64656661756C74617474616368706F696E74733D223022206175746F647261673D2230222075736564656661756C7469646473686170653D2230222073656C65637461626C653D2231222073686F7773656C656374696F6E68616E646C65733D22302220616C6C6F776E756467696E673D223122206973616E6E6F746174696F6E3D22302220646F6E746175746F6C61796F75743D2230222067726F7570636F6C6C61707365643D2230222074616273746F703D2231222076697369626C653D22312220736E6170746F677269643D2231223E3C636F6E74726F6C3E3C646473786D6C6F626A65637473747265616D696E6974777261707065722062696E6172793D2232313433333431323038303030303030313531373030303064623061303030303738353633343132303730303030303031343031303030303434303036353030373030303631303037323030373430303664303036353030366530303734303037333030303030303030303030303030303030303030303030303030303030303030303030303030303030303030303030303030303030303030303030303030303030303030303030303030303030303030303030303030303030303030303030303030303030303030303030303030303030303030303030303030303030303030303030303030303030303030303030303030303030303030303030303030303030303030303030303030303030303030303030303030303030303030303030303030303030303030303030303030303030303030303030303030303030303030303030303030303030303030303030303030303030303030303030303030303030303030303030303030303030303030303030303030303030303030303030303030303030303030303030303030303030303030303030303030303030303030303030303030303030303030303030303030303030303030303030303030303030303030303030303030303030303030303030303030303030303030303030303030303030303030303030303030303030303030303030303030303030303030303030303030303030303030303030303030303030303030303030303030303030303030303030313030303030303035303030303030353430303030303032633030303030303263303030303030326330303030303033343030303030303030303030303030303030303030303032323239303030303635313530303030303030303030303032643031303030303037303030303030306330303030303030373030303030303163303130303030303630393030303036323037303030306133303230303030343830333030303034393032303030306563303430303030656330343030303065653032303030306563303430303030333630363030303034373034303030303030303030303030303130303030303031353137303030306462306130303030303030303030303030323030303030303032303030303030303230303030303030323030303030303163303130303030323230623030303030303030303030303031303030303030333931333030303037613035303030303030303030303030303130303030303030313030303030303032303030303030303230303030303031633031303030303036303930303030303130303030303030303030303030303339313330303030333430333030303030303030303030303030303030303030303030303030303030323030303030303032303030303030316330313030303030363039303030303030303030303030303030303030303064313331303030303039323330303030303030303030303030303030303030303064303030303030303430303030303030343030303030303163303130303030303630393030303061613061303030303930303630303030373835363334313230343030303030303630303030303030303130303030303030313030303030303062303030303030303030303030303030313030303030303032303030303030303330303030303030343030303030303035303030303030303630303030303030373030303030303038303030303030303930303030303030613030303030303034303030303030363430303632303036663030303030303063303030303030343430303635303037303030363130303732303037343030366430303635303036653030373430303733303030303030222F3E3C2F636F6E74726F6C3E3C6C61796F75746F626A6563743E3C646473786D6C6F626A3E3C70726F7065727479206E616D653D224163746976655461626C65566965774D6F6465222076616C75653D22312220766172747970653D2238222F3E3C70726F7065727479206E616D653D225461626C65566965774D6F64653A30222076616C75653D22342C302C3238342C302C323331302C312C313839302C352C313236302220766172747970653D2238222F3E3C70726F7065727479206E616D653D225461626C65566965774D6F64653A31222076616C75653D22322C302C3238342C302C323835302220766172747970653D2238222F3E3C70726F7065727479206E616D653D225461626C65566965774D6F64653A32222076616C75653D22322C302C3238342C302C323331302220766172747970653D2238222F3E3C70726F7065727479206E616D653D225461626C65566965774D6F64653A33222076616C75653D22322C302C3238342C302C323331302220766172747970653D2238222F3E3C70726F7065727479206E616D653D225461626C65566965774D6F64653A34222076616C75653D22342C302C3238342C302C323331302C31322C323733302C31312C313638302220766172747970653D2238222F3E3C2F646473786D6C6F626A3E3C2F6C61796F75746F626A6563743E3C73686170652067726F7570736861706569643D2230222067726F75706E6F64653D2230222F3E3C2F646473636F6E74726F6C3E3C646473636F6E74726F6C20636F6E74726F6C70726F6769643D227B36323341433037352D324337372D343837332D383833442D3933304234333634423442437D2220746F6F6C7469703D224974656D7322206C6566743D222D3135302220746F703D222D323037303022206C6F676963616C69643D22322220636F6E74726F6C69643D223222206D617374657269643D2230222068696E74313D2230222068696E74323D2230222077696474683D223537383722206865696768743D223835363622206E6F726573697A653D223022206E6F6D6F76653D223022206E6F64656661756C74617474616368706F696E74733D223022206175746F647261673D2230222075736564656661756C7469646473686170653D2230222073656C65637461626C653D2231222073686F7773656C656374696F6E68616E646C65733D22302220616C6C6F776E756467696E673D223122206973616E6E6F746174696F6E3D22302220646F6E746175746F6C61796F75743D2230222067726F7570636F6C6C61707365643D2230222074616273746F703D2231222076697369626C653D22312220736E6170746F677269643D2231223E3C636F6E74726F6C3E3C646473786D6C6F626A65637473747265616D696E6974777261707065722062696E6172793D2232313433333431323038303030303030396231363030303037363231303030303738353633343132303730303030303031343031303030303439303037343030363530303664303037333030303030303030303030303030303030303030303030303030303030303030303030303030303030303030303030303030303030303030303030303030303030303030303030303030303030303030303030303030303030303030303030303030303030303030303030303030303030303030303030303030303030303030303030303030303030303030303030303030303030303030303030303030303030303030303030303030303030303030303030303030303030303030303030303030303030303030303030303030303030303030303030303030303030303030303030303030303030303030303030303030303030303030303030303030303030303030303030303030303030303030303030303030303030303030303030303030303030303030303030303030303030303030303030303030303030303030303030303030303030303030303030303030303030303030303030303030303030303030303030303030303030303030303030303030303030303030303030303030303030303030303030303030303030303030303030303030303030303030303030303030303030303030303030303030303030303030303030303030303030303030303030303030303030303030303030303030303030303030303030313030303030303035303030303030353430303030303032633030303030303263303030303030326330303030303033343030303030303030303030303030303030303030303032323239303030303039323330303030303030303030303032643031303030303064303030303030306330303030303030373030303030303163303130303030303630393030303036323037303030306133303230303030343830333030303034393032303030306563303430303030656330343030303065653032303030306563303430303030333630363030303034373034303030303030303030303030303130303030303039623136303030303736323130303030303030303030303030623030303030303062303030303030303230303030303030323030303030303163303130303030653630613030303030303030303030303031303030303030333931333030303037613035303030303030303030303030303130303030303030313030303030303032303030303030303230303030303031633031303030303036303930303030303130303030303030303030303030303339313330303030333430333030303030303030303030303030303030303030303030303030303030323030303030303032303030303030316330313030303030363039303030303030303030303030303030303030303064313331303030303039323330303030303030303030303030303030303030303064303030303030303430303030303030343030303030303163303130303030303630393030303061613061303030303930303630303030373835363334313230343030303030303534303030303030303130303030303030313030303030303062303030303030303030303030303030313030303030303032303030303030303330303030303030343030303030303035303030303030303630303030303030373030303030303038303030303030303930303030303030613030303030303034303030303030363430303632303036663030303030303036303030303030343930303734303036353030366430303733303030303030222F3E3C2F636F6E74726F6C3E3C6C61796F75746F626A6563743E3C646473786D6C6F626A3E3C70726F7065727479206E616D653D224163746976655461626C65566965774D6F6465222076616C75653D22312220766172747970653D2238222F3E3C70726F7065727479206E616D653D225461626C65566965774D6F64653A30222076616C75653D22342C302C3238342C302C323331302C312C313839302C352C313236302220766172747970653D2238222F3E3C70726F7065727479206E616D653D225461626C65566965774D6F64653A31222076616C75653D22322C302C3238342C302C323739302220766172747970653D2238222F3E3C70726F7065727479206E616D653D225461626C65566965774D6F64653A32222076616C75653D22322C302C3238342C302C323331302220766172747970653D2238222F3E3C70726F7065727479206E616D653D225461626C65566965774D6F64653A33222076616C75653D22322C302C3238342C302C323331302220766172747970653D2238222F3E3C70726F7065727479206E616D653D225461626C65566965774D6F64653A34222076616C75653D22342C302C3238342C302C323331302C31322C323733302C31312C313638302220766172747970653D2238222F3E3C2F646473786D6C6F626A3E3C2F6C61796F75746F626A6563743E3C73686170652067726F7570736861706569643D2230222067726F75706E6F64653D2230222F3E3C2F646473636F6E74726F6C3E3C646473636F6E74726F6C20636F6E74726F6C70726F6769643D227B36323341433037352D324337372D343837332D383833442D3933304234333634423442437D2220746F6F6C7469703D224D6F64656C7322206C6566743D22373935302220746F703D222D323037303022206C6F676963616C69643D22332220636F6E74726F6C69643D223322206D617374657269643D2230222068696E74313D2230222068696E74323D2230222077696474683D223537353422206865696768743D223930363222206E6F726573697A653D223022206E6F6D6F76653D223022206E6F64656661756C74617474616368706F696E74733D223022206175746F647261673D2230222075736564656661756C7469646473686170653D2230222073656C65637461626C653D2231222073686F7773656C656374696F6E68616E646C65733D22302220616C6C6F776E756467696E673D223122206973616E6E6F746174696F6E3D22302220646F6E746175746F6C61796F75743D2230222067726F7570636F6C6C61707365643D2230222074616273746F703D2231222076697369626C653D22312220736E6170746F677269643D2231223E3C636F6E74726F6C3E3C646473786D6C6F626A65637473747265616D696E6974777261707065722062696E6172793D223231343333343132303830303030303037613136303030303636323330303030373835363334313230373030303030303134303130303030346430303666303036343030363530303663303037333030303030303030303030303030303030303030303030303030303030303030303030303030303030303030303030303030303030303030303030303030303030303030303030303030303030303030303030303030303030303030303030303030303030303030303030303030303030303030303030303030303030303030303030303030303030303030303030303030303030303030303030303030303030303030303030303030303030303030303030303030303030303030303030303030303030303030303030303030303030303030303030303030303030303030303030303030303030303030303030303030303030303030303030303030303030303030303030303030303030303030303030303030303030303030303030303030303030303030303030303030303030303030303030303030303030303030303030303030303030303030303030303030303030303030303030303030303030303030303030303030303030303030303030303030303030303030303030303030303030303030303030303030303030303030303030303030303030303030303030303030303030303030303030303030303030303030303030303030303030303030303030303030303030303030303030303030303030303031303030303030303530303030303035343030303030303263303030303030326330303030303032633030303030303334303030303030303030303030303030303030303030303232323930303030303932333030303030303030303030303264303130303030306430303030303030633030303030303037303030303030316330313030303030363039303030303632303730303030613330323030303034383033303030303439303230303030656330343030303065633034303030306565303230303030656330343030303033363036303030303437303430303030303030303030303030313030303030303761313630303030363632333030303030303030303030303064303030303030306330303030303030323030303030303032303030303030316330313030303064373061303030303030303030303030303130303030303033393133303030303761303530303030303030303030303030313030303030303031303030303030303230303030303030323030303030303163303130303030303630393030303030313030303030303030303030303030333931333030303033343033303030303030303030303030303030303030303030303030303030303032303030303030303230303030303031633031303030303036303930303030303030303030303030303030303030306431333130303030303932333030303030303030303030303030303030303030306430303030303030343030303030303034303030303030316330313030303030363039303030306161306130303030393030363030303037383536333431323034303030303030353630303030303030313030303030303031303030303030306230303030303030303030303030303031303030303030303230303030303030333030303030303034303030303030303530303030303030363030303030303037303030303030303830303030303030393030303030303061303030303030303430303030303036343030363230303666303030303030303730303030303034643030366630303634303036353030366330303733303030303030222F3E3C2F636F6E74726F6C3E3C6C61796F75746F626A6563743E3C646473786D6C6F626A3E3C70726F7065727479206E616D653D224163746976655461626C65566965774D6F6465222076616C75653D22312220766172747970653D2238222F3E3C70726F7065727479206E616D653D225461626C65566965774D6F64653A30222076616C75653D22342C302C3238342C302C323331302C312C313839302C352C313236302220766172747970653D2238222F3E3C70726F7065727479206E616D653D225461626C65566965774D6F64653A31222076616C75653D22322C302C3238342C302C323737352220766172747970653D2238222F3E3C70726F7065727479206E616D653D225461626C65566965774D6F64653A32222076616C75653D22322C302C3238342C302C323331302220766172747970653D2238222F3E3C70726F7065727479206E616D653D225461626C65566965774D6F64653A33222076616C75653D22322C302C3238342C302C323331302220766172747970653D2238222F3E3C70726F7065727479206E616D653D225461626C65566965774D6F64653A34222076616C75653D22342C302C3238342C302C323331302C31322C323733302C31312C313638302220766172747970653D2238222F3E3C2F646473786D6C6F626A3E3C2F6C61796F75746F626A6563743E3C73686170652067726F7570736861706569643D2230222067726F75706E6F64653D2230222F3E3C2F646473636F6E74726F6C3E3C646473636F6E74726F6C20636F6E74726F6C70726F6769643D227B36323341433037352D324337372D343837332D383833442D3933304234333634423442437D2220746F6F6C7469703D22557365727322206C6566743D222D393330302220746F703D222D323035353022206C6F676963616C69643D22342220636F6E74726F6C69643D223422206D617374657269643D2230222068696E74313D2230222068696E74323D2230222077696474683D223537363822206865696768743D223530303122206E6F726573697A653D223022206E6F6D6F76653D223022206E6F64656661756C74617474616368706F696E74733D223022206175746F647261673D2230222075736564656661756C7469646473686170653D2230222073656C65637461626C653D2231222073686F7773656C656374696F6E68616E646C65733D22302220616C6C6F776E756467696E673D223122206973616E6E6F746174696F6E3D22302220646F6E746175746F6C61796F75743D2230222067726F7570636F6C6C61707365643D2230222074616273746F703D2231222076697369626C653D22312220736E6170746F677269643D2231223E3C636F6E74726F6C3E3C646473786D6C6F626A65637473747265616D696E6974777261707065722062696E6172793D2232313433333431323038303030303030383831363030303038393133303030303738353633343132303730303030303031343031303030303535303037333030363530303732303037333030303030303030303030303030303030303030303030303030303030303030303030303030303030303030303030303030303030303030303030303030303030303030303030303030303030303030303030303030303030303030303030303030303030303030303030303030303030303030303030303030303030303030303030303030303030303030303030303030303030303030303030303030303030303030303030303030303030303030303030303030303030303030303030303030303030303030303030303030303030303030303030303030303030303030303030303030303030303030303030303030303030303030303030303030303030303030303030303030303030303030303030303030303030303030303030303030303030303030303030303030303030303030303030303030303030303030303030303030303030303030303030303030303030303030303030303030303030303030303030303030303030303030303030303030303030303030303030303030303030303030303030303030303030303030303030303030303030303030303030303030303030303030303030303030303030303030303030303030303030303030303030303030303030303030303030303030303030303030303030313030303030303035303030303030353430303030303032633030303030303263303030303030326330303030303033343030303030303030303030303030303030303030303032323239303030306162313730303030303030303030303032643031303030303038303030303030306330303030303030373030303030303163303130303030303630393030303036323037303030306133303230303030343830333030303034393032303030306563303430303030656330343030303065653032303030306563303430303030333630363030303034373034303030303030303030303030303130303030303038383136303030303839313330303030303030303030303030363030303030303036303030303030303230303030303030323030303030303163303130303030643730613030303030303030303030303031303030303030333931333030303037613035303030303030303030303030303130303030303030313030303030303032303030303030303230303030303031633031303030303036303930303030303130303030303030303030303030303339313330303030333430333030303030303030303030303030303030303030303030303030303030323030303030303032303030303030316330313030303030363039303030303030303030303030303030303030303064313331303030303039323330303030303030303030303030303030303030303064303030303030303430303030303030343030303030303163303130303030303630393030303061613061303030303930303630303030373835363334313230343030303030303534303030303030303130303030303030313030303030303062303030303030303030303030303030313030303030303032303030303030303330303030303030343030303030303035303030303030303630303030303030373030303030303038303030303030303930303030303030613030303030303034303030303030363430303632303036663030303030303036303030303030353530303733303036353030373230303733303030303030222F3E3C2F636F6E74726F6C3E3C6C61796F75746F626A6563743E3C646473786D6C6F626A3E3C70726F7065727479206E616D653D224163746976655461626C65566965774D6F6465222076616C75653D22312220766172747970653D2238222F3E3C70726F7065727479206E616D653D225461626C65566965774D6F64653A30222076616C75653D22342C302C3238342C302C323331302C312C313839302C352C313236302220766172747970653D2238222F3E3C70726F7065727479206E616D653D225461626C65566965774D6F64653A31222076616C75653D22322C302C3238342C302C323737352220766172747970653D2238222F3E3C70726F7065727479206E616D653D225461626C65566965774D6F64653A32222076616C75653D22322C302C3238342C302C323331302220766172747970653D2238222F3E3C70726F7065727479206E616D653D225461626C65566965774D6F64653A33222076616C75653D22322C302C3238342C302C323331302220766172747970653D2238222F3E3C70726F7065727479206E616D653D225461626C65566965774D6F64653A34222076616C75653D22342C302C3238342C302C323331302C31322C323733302C31312C313638302220766172747970653D2238222F3E3C2F646473786D6C6F626A3E3C2F6C61796F75746F626A6563743E3C73686170652067726F7570736861706569643D2230222067726F75706E6F64653D2230222F3E3C2F646473636F6E74726F6C3E3C646473636F6E74726F6C20636F6E74726F6C70726F6769643D227B36323341433037352D324337372D343837332D383833442D3933304234333634423442437D2220746F6F6C7469703D22576F726B666C6F77537465707322206C6566743D222D393135302220746F703D223234303022206C6F676963616C69643D22362220636F6E74726F6C69643D223522206D617374657269643D2230222068696E74313D2230222068696E74323D2230222077696474683D223537383822206865696768743D223336303522206E6F726573697A653D223022206E6F6D6F76653D223022206E6F64656661756C74617474616368706F696E74733D223022206175746F647261673D2230222075736564656661756C7469646473686170653D2230222073656C65637461626C653D2231222073686F7773656C656374696F6E68616E646C65733D22302220616C6C6F776E756467696E673D223122206973616E6E6F746174696F6E3D22302220646F6E746175746F6C61796F75743D2230222067726F7570636F6C6C61707365643D2230222074616273746F703D2231222076697369626C653D22312220736E6170746F677269643D2231223E3C636F6E74726F6C3E3C646473786D6C6F626A65637473747265616D696E6974777261707065722062696E6172793D22323134333334313230383030303030303963313630303030313530653030303037383536333431323037303030303030313430313030303035373030366630303732303036623030363630303663303036663030373730303533303037343030363530303730303037333030303030303030303030303030303030303030303030303030303030303030303030303030303030303030303030303030303030303030303030303030303030303030303030303030303030303030303030303030303030303030303030303030303030303030303030303030303030303030303030303030303030303030303030303030303030303030303030303030303030303030303030303030303030303030303030303030303030303030303030303030303030303030303030303030303030303030303030303030303030303030303030303030303030303030303030303030303030303030303030303030303030303030303030303030303030303030303030303030303030303030303030303030303030303030303030303030303030303030303030303030303030303030303030303030303030303030303030303030303030303030303030303030303030303030303030303030303030303030303030303030303030303030303030303030303030303030303030303030303030303030303030303030303030303030303030303030303030303030303030303030303030303030303030303030303030303030303030303030303130303030303030353030303030303534303030303030326330303030303032633030303030303263303030303030333430303030303030303030303030303030303030303030323232393030303036353135303030303030303030303030326430313030303030373030303030303063303030303030303730303030303031633031303030303036303930303030363230373030303061333032303030303438303330303030343930323030303065633034303030306563303430303030656530323030303065633034303030303336303630303030343730343030303030303030303030303031303030303030396331363030303031353065303030303030303030303030303330303030303030333030303030303032303030303030303230303030303031633031303030306536306130303030303030303030303030313030303030303339313330303030633030373030303030303030303030303032303030303030303230303030303030323030303030303032303030303030316330313030303030363039303030303031303030303030303030303030303033393133303030303334303330303030303030303030303030303030303030303030303030303030303230303030303030323030303030303163303130303030303630393030303030303030303030303030303030303030643133313030303030393233303030303030303030303030303030303030303030643030303030303034303030303030303430303030303031633031303030303036303930303030616130613030303039303036303030303738353633343132303430303030303036343030303030303031303030303030303130303030303030623030303030303030303030303030303130303030303030323030303030303033303030303030303430303030303030353030303030303036303030303030303730303030303030383030303030303039303030303030306130303030303030343030303030303634303036323030366630303030303030653030303030303537303036663030373230303662303036363030366330303666303037373030353330303734303036353030373030303733303030303030222F3E3C2F636F6E74726F6C3E3C6C61796F75746F626A6563743E3C646473786D6C6F626A3E3C70726F7065727479206E616D653D224163746976655461626C65566965774D6F6465222076616C75653D22312220766172747970653D2238222F3E3C70726F7065727479206E616D653D225461626C65566965774D6F64653A30222076616C75653D22342C302C3238342C302C323331302C312C313839302C352C313236302220766172747970653D2238222F3E3C70726F7065727479206E616D653D225461626C65566965774D6F64653A31222076616C75653D22322C302C3238342C302C323739302220766172747970653D2238222F3E3C70726F7065727479206E616D653D225461626C65566965774D6F64653A32222076616C75653D22322C302C3238342C302C323331302220766172747970653D2238222F3E3C70726F7065727479206E616D653D225461626C65566965774D6F64653A33222076616C75653D22322C302C3238342C302C323331302220766172747970653D2238222F3E3C70726F7065727479206E616D653D225461626C65566965774D6F64653A34222076616C75653D22342C302C3238342C302C323331302C31322C323733302C31312C313638302220766172747970653D2238222F3E3C2F646473786D6C6F626A3E3C2F6C61796F75746F626A6563743E3C73686170652067726F7570736861706569643D2230222067726F75706E6F64653D2230222F3E3C2F646473636F6E74726F6C3E3C646473636F6E74726F6C2073656D616E746963636F6F6B69653D22303162393537356530313030303030303634303036323030366630303030303034363030346230303566303035373030366630303732303036623030363630303663303036663030373730303533303037343030363530303730303037333030356630303434303036353030373030303631303037323030373430303664303036353030366530303734303037333030303030302220636F6E74726F6C70726F6769643D224D534444532E506F6C796C696E652E3038302E312220746F6F6C7469703D2252656C61C3A7C3A36F2027464B5F576F726B666C6F7753746570735F4465706172746D656E74732720656E74726520274465706172746D656E74732720652027576F726B666C6F7753746570732722206C6566743D222D31303237342220746F703D222D3632353722206C6F676963616C69643D22372220636F6E74726F6C69643D223622206D617374657269643D2230222068696E74313D2230222068696E74323D2230222077696474683D223134323422206865696768743D223931383722206E6F726573697A653D223022206E6F6D6F76653D223022206E6F64656661756C74617474616368706F696E74733D223122206175746F647261673D2230222075736564656661756C7469646473686170653D2230222073656C65637461626C653D2231222073686F7773656C656374696F6E68616E646C65733D22302220616C6C6F776E756467696E673D223122206973616E6E6F746174696F6E3D22302220646F6E746175746F6C61796F75743D2230222067726F7570636F6C6C61707365643D2230222074616273746F703D2231222076697369626C653D22312220736E6170746F677269643D2230223E3C636F6E74726F6C3E3C646473786D6C6F626A3E3C706F6C796C696E6520656E64747970656473743D22302220656E64747970657372633D2232222075736572636F6C6F723D22313537393033323022206C696E657374796C653D223022206C696E6572656E6465723D22302220637573746F6D656E647479706564737469643D22302220637573746F6D656E647479706573726369643D2230222061646F726E7376697369626C653D2231223E3C61646F726E6D656E742070657263656E74706F733D2236322E333636323036333839343130392220636F6E74726F6C69643D2237222077696474683D223435353622206865696768743D223334342220736964653D223022206265686176696F723D2233222068696D65747269633D223631373322206469737466726F6D6C696E653D22313735222073746172746F626A3D22302220783D222D31343730352220793D222D343135222076697369626C653D22302220616C6C6F776F7665726C61703D2231222075736570657263656E743D2231222F3E3C2F706F6C796C696E653E3C2F646473786D6C6F626A3E3C2F636F6E74726F6C3E3C6C61796F75746F626A6563743E3C646473786D6C6F626A2F3E3C2F6C61796F75746F626A6563743E3C636F6E6E6563746F7220736F7572636569643D223122206465737469643D22352220736F75726365617474616368706F696E743D22313038222064657374617474616368706F696E743D22373422207365676D656E74656469746D6F64653D2230222062656E64706F696E74656469746D6F64653D2230222062656E64706F696E747669736962696C6974793D2230222072656C6174656469643D223022207669727475616C3D2230223E3C706F696E7420783D222D393330302220793D222D35383530222F3E3C706F696E7420783D222D393937342220793D222D35383530222F3E3C706F696E7420783D222D393937342220793D2232353530222F3E3C706F696E7420783D222D393135302220793D2232353530222F3E3C2F636F6E6E6563746F723E3C2F646473636F6E74726F6C3E3C646473636F6E74726F6C2073656D616E746963636F6F6B69653D22303166366234356439303934336432622220636F6E74726F6C70726F6769643D224D534444532E546578742E3038302E3122206C6566743D222D31343730352220746F703D222D34313522206C6F676963616C69643D22382220636F6E74726F6C69643D223722206D617374657269643D2236222068696E74313D2230222068696E74323D2230222077696474683D223435353622206865696768743D2233343422206E6F726573697A653D223122206E6F6D6F76653D223022206E6F64656661756C74617474616368706F696E74733D223122206175746F647261673D2231222075736564656661756C7469646473686170653D2231222073656C65637461626C653D2231222073686F7773656C656374696F6E68616E646C65733D22312220616C6C6F776E756467696E673D223122206973616E6E6F746174696F6E3D22302220646F6E746175746F6C61796F75743D2230222067726F7570636F6C6C61707365643D2230222074616273746F703D2230222076697369626C653D22302220736E6170746F677269643D2230223E3C636F6E74726F6C3E3C646473786D6C6F626A65637473747265616D696E6974777261707065722062696E6172793D22303030323030303063633131303030303538303130303030303330303030303030303030303530303030383030383030303038303031303030303030313530303031303030303030393030313434343230313030303635343631363836663664363131633030343630303462303035663030353730303666303037323030366230303636303036633030366630303737303035333030373430303635303037303030373330303566303034343030363530303730303036313030373230303734303036643030363530303665303037343030373330303030303030303030222F3E3C2F636F6E74726F6C3E3C6C61796F75746F626A6563743E3C646473786D6C6F626A2F3E3C2F6C61796F75746F626A6563743E3C73686170652067726F7570736861706569643D2230222067726F75706E6F64653D2230222F3E3C2F646473636F6E74726F6C3E3C646473636F6E74726F6C20636F6E74726F6C70726F6769643D227B36323341433037352D324337372D343837332D383833442D3933304234333634423442437D2220746F6F6C7469703D22576F726B666C6F7754656D706C6174657322206C6566743D222D393135302220746F703D222D3430353022206C6F676963616C69643D22392220636F6E74726F6C69643D223822206D617374657269643D2230222068696E74313D2230222068696E74323D2230222077696474683D223537363822206865696768743D223330393622206E6F726573697A653D223022206E6F6D6F76653D223022206E6F64656661756C74617474616368706F696E74733D223022206175746F647261673D2230222075736564656661756C7469646473686170653D2230222073656C65637461626C653D2231222073686F7773656C656374696F6E68616E646C65733D22302220616C6C6F776E756467696E673D223122206973616E6E6F746174696F6E3D22302220646F6E746175746F6C61796F75743D2230222067726F7570636F6C6C61707365643D2230222074616273746F703D2231222076697369626C653D22312220736E6170746F677269643D2231223E3C636F6E74726F6C3E3C646473786D6C6F626A65637473747265616D696E6974777261707065722062696E6172793D2232313433333431323038303030303030383831363030303031383063303030303738353633343132303730303030303031343031303030303537303036663030373230303662303036363030366330303666303037373030353430303635303036643030373030303663303036313030373430303635303037333030303030303030303030303030303030303030303030303030303030303030303030303030303030303030303030303030303030303030303030303030303030303030303030303030303030303030303030303030303030303030303030303030303030303030303030303030303030303030303030303030303030303030303030303030303030303030303030303030303030303030303030303030303030303030303030303030303030303030303030303030303030303030303030303030303030303030303030303030303030303030303030303030303030303030303030303030303030303030303030303030303030303030303030303030303030303030303030303030303030303030303030303030303030303030303030303030303030303030303030303030303030303030303030303030303030303030303030303030303030303030303030303030303030303030303030303030303030303030303030303030303030303030303030303030303030303030303030303030303030303030303030303030303030303030303030303030303030303030303030303030303030303030303030313030303030303035303030303030353430303030303032633030303030303263303030303030326330303030303033343030303030303030303030303030303030303030303032323239303030303635313530303030303030303030303032643031303030303037303030303030306330303030303030373030303030303163303130303030303630393030303036323037303030306133303230303030343830333030303034393032303030306563303430303030656330343030303065653032303030306563303430303030333630363030303034373034303030303030303030303030303130303030303038383136303030303138306330303030303030303030303030333030303030303033303030303030303230303030303030323030303030303163303130303030653630613030303030303030303030303031303030303030333931333030303037613035303030303030303030303030303130303030303030313030303030303032303030303030303230303030303031633031303030303036303930303030303130303030303030303030303030303339313330303030333430333030303030303030303030303030303030303030303030303030303030323030303030303032303030303030316330313030303030363039303030303030303030303030303030303030303064313331303030303039323330303030303030303030303030303030303030303064303030303030303430303030303030343030303030303163303130303030303630393030303061613061303030303930303630303030373835363334313230343030303030303663303030303030303130303030303030313030303030303062303030303030303030303030303030313030303030303032303030303030303330303030303030343030303030303035303030303030303630303030303030373030303030303038303030303030303930303030303030613030303030303034303030303030363430303632303036663030303030303132303030303030353730303666303037323030366230303636303036633030366630303737303035343030363530303664303037303030366330303631303037343030363530303733303030303030222F3E3C2F636F6E74726F6C3E3C6C61796F75746F626A6563743E3C646473786D6C6F626A3E3C70726F7065727479206E616D653D224163746976655461626C65566965774D6F6465222076616C75653D22312220766172747970653D2238222F3E3C70726F7065727479206E616D653D225461626C65566965774D6F64653A30222076616C75653D22342C302C3238342C302C323331302C312C313839302C352C313236302220766172747970653D2238222F3E3C70726F7065727479206E616D653D225461626C65566965774D6F64653A31222076616C75653D22322C302C3238342C302C323739302220766172747970653D2238222F3E3C70726F7065727479206E616D653D225461626C65566965774D6F64653A32222076616C75653D22322C302C3238342C302C323331302220766172747970653D2238222F3E3C70726F7065727479206E616D653D225461626C65566965774D6F64653A33222076616C75653D22322C302C3238342C302C323331302220766172747970653D2238222F3E3C70726F7065727479206E616D653D225461626C65566965774D6F64653A34222076616C75653D22342C302C3238342C302C323331302C31322C323733302C31312C313638302220766172747970653D2238222F3E3C2F646473786D6C6F626A3E3C2F6C61796F75746F626A6563743E3C73686170652067726F7570736861706569643D2230222067726F75706E6F64653D2230222F3E3C2F646473636F6E74726F6C3E3C646473636F6E74726F6C20636F6E74726F6C70726F6769643D227B36323341433037352D324337372D343837332D383833442D3933304234333634423442437D2220746F6F6C7469703D22576F726B666C6F7754656D706C617465735F576F726B666C6F77537465707322206C6566743D222D3735302220746F703D222D37353022206C6F676963616C69643D2231302220636F6E74726F6C69643D223922206D617374657269643D2230222068696E74313D2230222068696E74323D2230222077696474683D223537373722206865696768743D223430313322206E6F726573697A653D223022206E6F6D6F76653D223022206E6F64656661756C74617474616368706F696E74733D223022206175746F647261673D2230222075736564656661756C7469646473686170653D2230222073656C65637461626C653D2231222073686F7773656C656374696F6E68616E646C65733D22302220616C6C6F776E756467696E673D223122206973616E6E6F746174696F6E3D22302220646F6E746175746F6C61796F75743D2230222067726F7570636F6C6C61707365643D2230222074616273746F703D2231222076697369626C653D22312220736E6170746F677269643D2231223E3C636F6E74726F6C3E3C646473786D6C6F626A65637473747265616D696E6974777261707065722062696E6172793D22323134333334313230383030303030303931313630303030616430663030303037383536333431323037303030303030313430313030303035373030366630303732303036623030363630303663303036663030373730303534303036353030366430303730303036633030363130303734303036353030373330303566303035373030366630303732303036623030363630303663303036663030373730303533303037343030363530303730303037333030303030303030303030303030303030303030303030303030303030303030303030303030303030303030303030303030303030303030303030303030303030303030303030303030303030303030303030303030303030303030303030303030303030303030303030303030303030303030303030303030303030303030303030303030303030303030303030303030303030303030303030303030303030303030303030303030303030303030303030303030303030303030303030303030303030303030303030303030303030303030303030303030303030303030303030303030303030303030303030303030303030303030303030303030303030303030303030303030303030303030303030303030303030303030303030303030303030303030303030303030303030303030303030303030303030303030303030303030303030303030303030303030303030303030303030303030303030303030303030303030303030303030303030303030303130303030303030353030303030303534303030303030326330303030303032633030303030303263303030303030333430303030303030303030303030303030303030303030323232393030303036353135303030303030303030303030326430313030303030373030303030303063303030303030303730303030303031633031303030303036303930303030363230373030303061333032303030303438303330303030343930323030303065633034303030306563303430303030656530323030303065633034303030303336303630303030343730343030303030303030303030303031303030303030393131363030303061643066303030303030303030303030303330303030303030333030303030303032303030303030303230303030303031633031303030306536306130303030303030303030303030313030303030303339313330303030303630613030303030303030303030303033303030303030303330303030303030323030303030303032303030303030316330313030303030363039303030303031303030303030303030303030303033393133303030303334303330303030303030303030303030303030303030303030303030303030303230303030303030323030303030303163303130303030303630393030303030303030303030303030303030303030643133313030303030393233303030303030303030303030303030303030303030643030303030303034303030303030303430303030303031633031303030303036303930303030616130613030303039303036303030303738353633343132303430303030303038383030303030303031303030303030303130303030303030623030303030303030303030303030303130303030303030323030303030303033303030303030303430303030303030353030303030303036303030303030303730303030303030383030303030303039303030303030306130303030303030343030303030303634303036323030366630303030303032303030303030303537303036663030373230303662303036363030366330303666303037373030353430303635303036643030373030303663303036313030373430303635303037333030356630303537303036663030373230303662303036363030366330303666303037373030353330303734303036353030373030303733303030303030222F3E3C2F636F6E74726F6C3E3C6C61796F75746F626A6563743E3C646473786D6C6F626A3E3C70726F7065727479206E616D653D224163746976655461626C65566965774D6F6465222076616C75653D22312220766172747970653D2238222F3E3C70726F7065727479206E616D653D225461626C65566965774D6F64653A30222076616C75653D22342C302C3238342C302C323331302C312C313839302C352C313236302220766172747970653D2238222F3E3C70726F7065727479206E616D653D225461626C65566965774D6F64653A31222076616C75653D22322C302C3238342C302C323739302220766172747970653D2238222F3E3C70726F7065727479206E616D653D225461626C65566965774D6F64653A32222076616C75653D22322C302C3238342C302C323331302220766172747970653D2238222F3E3C70726F7065727479206E616D653D225461626C65566965774D6F64653A33222076616C75653D22322C302C3238342C302C323331302220766172747970653D2238222F3E3C70726F7065727479206E616D653D225461626C65566965774D6F64653A34222076616C75653D22342C302C3238342C302C323331302C31322C323733302C31312C313638302220766172747970653D2238222F3E3C2F646473786D6C6F626A3E3C2F6C61796F75746F626A6563743E3C73686170652067726F7570736861706569643D2230222067726F75706E6F64653D2230222F3E3C2F646473636F6E74726F6C3E3C646473636F6E74726F6C2073656D616E746963636F6F6B69653D22303161343630326230313030303030303634303036323030366630303030303034363030346230303566303035373030366630303732303036623030363630303663303036663030373730303534303036353030366430303730303036633030363130303734303036353030373330303566303035373030366630303732303036623030363630303663303036663030373730303533303037343030363530303730303037333030356630303537303036663030373230303662303036363030366330303666303037373030353430303635303036643030373030303663303036313030373430303635303037333030303030302220636F6E74726F6C70726F6769643D224D534444532E506F6C796C696E652E3038302E312220746F6F6C7469703D2252656C61C3A7C3A36F2027464B5F576F726B666C6F7754656D706C617465735F576F726B666C6F7753746570735F576F726B666C6F7754656D706C617465732720656E7472652027576F726B666C6F7754656D706C617465732720652027576F726B666C6F7754656D706C617465735F576F726B666C6F7753746570732722206C6566743D222D333638322220746F703D222D3136303722206C6F676963616C69643D2231312220636F6E74726F6C69643D22313022206D617374657269643D2230222068696E74313D2230222068696E74323D2230222077696474683D223332333222206865696768743D223133383722206E6F726573697A653D223022206E6F6D6F76653D223022206E6F64656661756C74617474616368706F696E74733D223122206175746F647261673D2230222075736564656661756C7469646473686170653D2230222073656C65637461626C653D2231222073686F7773656C656374696F6E68616E646C65733D22302220616C6C6F776E756467696E673D223122206973616E6E6F746174696F6E3D22302220646F6E746175746F6C61796F75743D2230222067726F7570636F6C6C61707365643D2230222074616273746F703D2231222076697369626C653D22312220736E6170746F677269643D2230223E3C636F6E74726F6C3E3C646473786D6C6F626A3E3C706F6C796C696E6520656E64747970656473743D22302220656E64747970657372633D2232222075736572636F6C6F723D22313537393033323022206C696E657374796C653D223022206C696E6572656E6465723D22302220637573746F6D656E647479706564737469643D22302220637573746F6D656E647479706573726369643D2230222061646F726E7376697369626C653D2231223E3C61646F726E6D656E742070657263656E74706F733D2235382E383732393031363738363537312220636F6E74726F6C69643D223131222077696474683D223833363322206865696768743D223334342220736964653D223122206265686176696F723D2233222068696D65747269633D223139303222206469737466726F6D6C696E653D22313735222073746172746F626A3D22302220783D222D313331322220793D222D31373139222076697369626C653D22302220616C6C6F776F7665726C61703D2231222075736570657263656E743D2231222F3E3C2F706F6C796C696E653E3C2F646473786D6C6F626A3E3C2F636F6E74726F6C3E3C6C61796F75746F626A6563743E3C646473786D6C6F626A2F3E3C2F6C61796F75746F626A6563743E3C636F6E6E6563746F7220736F7572636569643D223822206465737469643D22392220736F75726365617474616368706F696E743D22313131222064657374617474616368706F696E743D22373422207365676D656E74656469746D6F64653D2230222062656E64706F696E74656469746D6F64653D2230222062656E64706F696E747669736962696C6974793D2230222072656C6174656469643D223022207669727475616C3D2230223E3C706F696E7420783D222D333338322220793D222D31323030222F3E3C706F696E7420783D222D313339312220793D222D31323030222F3E3C706F696E7420783D222D313339312220793D222D363030222F3E3C706F696E7420783D222D3735302220793D222D363030222F3E3C2F636F6E6E6563746F723E3C2F646473636F6E74726F6C3E3C646473636F6E74726F6C2073656D616E746963636F6F6B69653D22303166366234356431303931336432622220636F6E74726F6C70726F6769643D224D534444532E546578742E3038302E3122206C6566743D222D313331322220746F703D222D3137313922206C6F676963616C69643D2231322220636F6E74726F6C69643D22313122206D617374657269643D223130222068696E74313D2230222068696E74323D2230222077696474683D223833363322206865696768743D2233343422206E6F726573697A653D223122206E6F6D6F76653D223022206E6F64656661756C74617474616368706F696E74733D223122206175746F647261673D2231222075736564656661756C7469646473686170653D2231222073656C65637461626C653D2231222073686F7773656C656374696F6E68616E646C65733D22312220616C6C6F776E756467696E673D223122206973616E6E6F746174696F6E3D22302220646F6E746175746F6C61796F75743D2230222067726F7570636F6C6C61707365643D2230222074616273746F703D2230222076697369626C653D22302220736E6170746F677269643D2230223E3C636F6E74726F6C3E3C646473786D6C6F626A65637473747265616D696E6974777261707065722062696E6172793D22303030323030303061623230303030303538303130303030303330303030303030303030303530303030383030383030303038303031303030303030313530303031303030303030393030313434343230313030303635343631363836663664363133343030343630303462303035663030353730303666303037323030366230303636303036633030366630303737303035343030363530303664303037303030366330303631303037343030363530303733303035663030353730303666303037323030366230303636303036633030366630303737303035333030373430303635303037303030373330303566303035373030366630303732303036623030363630303663303036663030373730303534303036353030366430303730303036633030363130303734303036353030373330303030303030303030222F3E3C2F636F6E74726F6C3E3C6C61796F75746F626A6563743E3C646473786D6C6F626A2F3E3C2F6C61796F75746F626A6563743E3C73686170652067726F7570736861706569643D2230222067726F75706E6F64653D2230222F3E3C2F646473636F6E74726F6C3E3C646473636F6E74726F6C2073656D616E746963636F6F6B69653D223031323034373635303130303030303036343030363230303666303030303030343630303462303035663030353730303666303037323030366230303636303036633030366630303737303035343030363530303664303037303030366330303631303037343030363530303733303035663030353730303666303037323030366230303636303036633030366630303737303035333030373430303635303037303030373330303566303035373030366630303732303036623030363630303663303036663030373730303533303037343030363530303730303037333030303030302220636F6E74726F6C70726F6769643D224D534444532E506F6C796C696E652E3038302E312220746F6F6C7469703D2252656C61C3A7C3A36F2027464B5F576F726B666C6F7754656D706C617465735F576F726B666C6F7753746570735F576F726B666C6F7753746570732720656E7472652027576F726B666C6F7753746570732720652027576F726B666C6F7754656D706C617465735F576F726B666C6F7753746570732722206C6566743D222D333636322220746F703D223134323122206C6F676963616C69643D2231332220636F6E74726F6C69643D22313222206D617374657269643D2230222068696E74313D2230222068696E74323D2230222077696474683D223332313222206865696768743D223135333722206E6F726573697A653D223022206E6F6D6F76653D223022206E6F64656661756C74617474616368706F696E74733D223122206175746F647261673D2230222075736564656661756C7469646473686170653D2230222073656C65637461626C653D2231222073686F7773656C656374696F6E68616E646C65733D22302220616C6C6F776E756467696E673D223122206973616E6E6F746174696F6E3D22302220646F6E746175746F6C61796F75743D2230222067726F7570636F6C6C61707365643D2230222074616273746F703D2231222076697369626C653D22312220736E6170746F677269643D2230223E3C636F6E74726F6C3E3C646473786D6C6F626A3E3C706F6C796C696E6520656E64747970656473743D22302220656E64747970657372633D2232222075736572636F6C6F723D22313537393033323022206C696E657374796C653D223022206C696E6572656E6465723D22302220637573746F6D656E647479706564737469643D22302220637573746F6D656E647479706573726369643D2230222061646F726E7376697369626C653D2231223E3C61646F726E6D656E742070657263656E74706F733D2235302220636F6E74726F6C69643D223133222077696474683D223737323922206865696768743D223334342220736964653D223122206265686176696F723D2233222068696D65747269633D223136383122206469737466726F6D6C696E653D22313735222073746172746F626A3D22302220783D222D393932372220793D2231363839222076697369626C653D22302220616C6C6F776F7665726C61703D2231222075736570657263656E743D2231222F3E3C2F706F6C796C696E653E3C2F646473786D6C6F626A3E3C2F636F6E74726F6C3E3C6C61796F75746F626A6563743E3C646473786D6C6F626A2F3E3C2F6C61796F75746F626A6563743E3C636F6E6E6563746F7220736F7572636569643D223522206465737469643D22392220736F75726365617474616368706F696E743D223735222064657374617474616368706F696E743D2231303622207365676D656E74656469746D6F64653D2230222062656E64706F696E74656469746D6F64653D2230222062656E64706F696E747669736962696C6974793D2230222072656C6174656469643D223022207669727475616C3D2230223E3C706F696E7420783D222D333336322220793D2232353530222F3E3C706F696E7420783D222D323032332220793D2232353530222F3E3C706F696E7420783D222D323032332220793D2231383030222F3E3C706F696E7420783D222D3735302220793D2231383030222F3E3C2F636F6E6E6563746F723E3C2F646473636F6E74726F6C3E3C646473636F6E74726F6C2073656D616E746963636F6F6B69653D22303166366234356431303933336432622220636F6E74726F6C70726F6769643D224D534444532E546578742E3038302E3122206C6566743D222D393932372220746F703D223136383922206C6F676963616C69643D2231342220636F6E74726F6C69643D22313322206D617374657269643D223132222068696E74313D2230222068696E74323D2230222077696474683D223737323922206865696768743D2233343422206E6F726573697A653D223122206E6F6D6F76653D223022206E6F64656661756C74617474616368706F696E74733D223122206175746F647261673D2231222075736564656661756C7469646473686170653D2231222073656C65637461626C653D2231222073686F7773656C656374696F6E68616E646C65733D22312220616C6C6F776E756467696E673D223122206973616E6E6F746174696F6E3D22302220646F6E746175746F6C61796F75743D2230222067726F7570636F6C6C61707365643D2230222074616273746F703D2230222076697369626C653D22302220736E6170746F677269643D2230223E3C636F6E74726F6C3E3C646473786D6C6F626A65637473747265616D696E6974777261707065722062696E6172793D223030303230303030333131653030303035383031303030303033303030303030303030303035303030303830303830303030383030313030303030303135303030313030303030303930303134343432303130303036353436313638366636643631333030303436303034623030356630303537303036663030373230303662303036363030366330303666303037373030353430303635303036643030373030303663303036313030373430303635303037333030356630303537303036663030373230303662303036363030366330303666303037373030353330303734303036353030373030303733303035663030353730303666303037323030366230303636303036633030366630303737303035333030373430303635303037303030373330303030303030303030222F3E3C2F636F6E74726F6C3E3C6C61796F75746F626A6563743E3C646473786D6C6F626A2F3E3C2F6C61796F75746F626A6563743E3C73686170652067726F7570736861706569643D2230222067726F75706E6F64653D2230222F3E3C2F646473636F6E74726F6C3E3C646473636F6E74726F6C2073656D616E746963636F6F6B69653D223031623935373565303130303030303036343030363230303666303030303030343630303462303035663030346430303666303036343030363530303663303037333030356630303439303037343030363530303664303037333030303030302220636F6E74726F6C70726F6769643D224D534444532E506F6C796C696E652E3038302E312220746F6F6C7469703D2252656C61C3A7C3A36F2027464B5F4D6F64656C735F4974656D732720656E74726520274974656D7327206520274D6F64656C732722206C6566743D22353333372220746F703D222D313939303722206C6F676963616C69643D2231352220636F6E74726F6C69643D22313422206D617374657269643D2230222068696E74313D2230222068696E74323D2230222077696474683D223239313322206865696768743D2238313522206E6F726573697A653D223022206E6F6D6F76653D223022206E6F64656661756C74617474616368706F696E74733D223122206175746F647261673D2230222075736564656661756C7469646473686170653D2230222073656C65637461626C653D2231222073686F7773656C656374696F6E68616E646C65733D22302220616C6C6F776E756467696E673D223122206973616E6E6F746174696F6E3D22302220646F6E746175746F6C61796F75743D2230222067726F7570636F6C6C61707365643D2230222074616273746F703D2231222076697369626C653D22312220736E6170746F677269643D2230223E3C636F6E74726F6C3E3C646473786D6C6F626A3E3C706F6C796C696E6520656E64747970656473743D22302220656E64747970657372633D2232222075736572636F6C6F723D22313537393033323022206C696E657374796C653D223022206C696E6572656E6465723D22302220637573746F6D656E647479706564737469643D22302220637573746F6D656E647479706573726369643D2230222061646F726E7376697369626C653D2231223E3C61646F726E6D656E742070657263656E74706F733D2235392E373734343336303930323235362220636F6E74726F6C69643D223135222077696474683D223234323322206865696768743D223334342220736964653D223122206265686176696F723D2233222068696D65747269633D223133383222206469737466726F6D6C696E653D22313735222073746172746F626A3D22302220783D22353537312220793D222D3230303139222076697369626C653D22302220616C6C6F776F7665726C61703D2231222075736570657263656E743D2231222F3E3C2F706F6C796C696E653E3C2F646473786D6C6F626A3E3C2F636F6E74726F6C3E3C6C61796F75746F626A6563743E3C646473786D6C6F626A2F3E3C2F6C61796F75746F626A6563743E3C636F6E6E6563746F7220736F7572636569643D223222206465737469643D22332220736F75726365617474616368706F696E743D223839222064657374617474616368706F696E743D22383822207365676D656E74656469746D6F64653D2230222062656E64706F696E74656469746D6F64653D2230222062656E64706F696E747669736962696C6974793D2230222072656C6174656469643D223022207669727475616C3D2230223E3C706F696E7420783D22353633372220793D222D3139353030222F3E3C706F696E7420783D22373935302220793D222D3139353030222F3E3C2F636F6E6E6563746F723E3C2F646473636F6E74726F6C3E3C646473636F6E74726F6C2073656D616E746963636F6F6B69653D22303166366234356435303931336432622220636F6E74726F6C70726F6769643D224D534444532E546578742E3038302E3122206C6566743D22353537312220746F703D222D323030313922206C6F676963616C69643D2231362220636F6E74726F6C69643D22313522206D617374657269643D223134222068696E74313D2230222068696E74323D2230222077696474683D223234323322206865696768743D2233343422206E6F726573697A653D223122206E6F6D6F76653D223022206E6F64656661756C74617474616368706F696E74733D223122206175746F647261673D2231222075736564656661756C7469646473686170653D2231222073656C65637461626C653D2231222073686F7773656C656374696F6E68616E646C65733D22312220616C6C6F776E756467696E673D223122206973616E6E6F746174696F6E3D22302220646F6E746175746F6C61796F75743D2230222067726F7570636F6C6C61707365643D2230222074616273746F703D2230222076697369626C653D22302220736E6170746F677269643D2230223E3C636F6E74726F6C3E3C646473786D6C6F626A65637473747265616D696E6974777261707065722062696E6172793D223030303230303030373730393030303035383031303030303033303030303030303030303035303030303830303830303030383030313030303030303135303030313030303030303930303134343432303130303036353436313638366636643631306630303436303034623030356630303464303036663030363430303635303036633030373330303566303034393030373430303635303036643030373330303030303030303030222F3E3C2F636F6E74726F6C3E3C6C61796F75746F626A6563743E3C646473786D6C6F626A2F3E3C2F6C61796F75746F626A6563743E3C73686170652067726F7570736861706569643D2230222067726F75706E6F64653D2230222F3E3C2F646473636F6E74726F6C3E3C646473636F6E74726F6C20636F6E74726F6C70726F6769643D227B36323341433037352D324337372D343837332D383833442D3933304234333634423442437D2220746F6F6C7469703D22576F726B666C6F77496E7374616E63657322206C6566743D22373830302220746F703D222D3438303022206C6F676963616C69643D2232342220636F6E74726F6C69643D22313622206D617374657269643D2230222068696E74313D2230222068696E74323D2230222077696474683D223537383822206865696768743D223636313522206E6F726573697A653D223022206E6F6D6F76653D223022206E6F64656661756C74617474616368706F696E74733D223022206175746F647261673D2230222075736564656661756C7469646473686170653D2230222073656C65637461626C653D2231222073686F7773656C656374696F6E68616E646C65733D22302220616C6C6F776E756467696E673D223122206973616E6E6F746174696F6E3D22302220646F6E746175746F6C61796F75743D2230222067726F7570636F6C6C61707365643D2230222074616273746F703D2231222076697369626C653D22312220736E6170746F677269643D2231223E3C636F6E74726F6C3E3C646473786D6C6F626A65637473747265616D696E6974777261707065722062696E6172793D2232313433333431323038303030303030396331363030303064373139303030303738353633343132303730303030303031343031303030303537303036663030373230303662303036363030366330303666303037373030343930303665303037333030373430303631303036653030363330303635303037333030303030303030303030303030303030303030303030303030303030303030303030303030303030303030303030303030303030303030303030303030303030303030303030303030303030303030303030303030303030303030303030303030303030303030303030303030303030303030303030303030303030303030303030303030303030303030303030303030303030303030303030303030303030303030303030303030303030303030303030303030303030303030303030303030303030303030303030303030303030303030303030303030303030303030303030303030303030303030303030303030303030303030303030303030303030303030303030303030303030303030303030303030303030303030303030303030303030303030303030303030303030303030303030303030303030303030303030303030303030303030303030303030303030303030303030303030303030303030303030303030303030303030303030303030303030303030303030303030303030303030303030303030303030303030303030303030303030303030303030303030303030303030303030313030303030303035303030303030353430303030303032633030303030303263303030303030326330303030303033343030303030303030303030303030303030303030303032323239303030306631313930303030303030303030303032643031303030303039303030303030306330303030303030373030303030303163303130303030303630393030303036323037303030306133303230303030343830333030303034393032303030306563303430303030656330343030303065653032303030306563303430303030333630363030303034373034303030303030303030303030303130303030303039633136303030306437313930303030303030303030303030373030303030303037303030303030303230303030303030323030303030303163303130303030616230393030303030303030303030303031303030303030333931333030303034643063303030303030303030303030303430303030303030343030303030303032303030303030303230303030303031633031303030303036303930303030303130303030303030303030303030303339313330303030333430333030303030303030303030303030303030303030303030303030303030323030303030303032303030303030316330313030303030363039303030303030303030303030303030303030303064313331303030303039323330303030303030303030303030303030303030303064303030303030303430303030303030343030303030303163303130303030303630393030303061613061303030303930303630303030373835363334313230343030303030303663303030303030303130303030303030313030303030303062303030303030303030303030303030313030303030303032303030303030303330303030303030343030303030303035303030303030303630303030303030373030303030303038303030303030303930303030303030613030303030303034303030303030363430303632303036663030303030303132303030303030353730303666303037323030366230303636303036633030366630303737303034393030366530303733303037343030363130303665303036333030363530303733303030303030222F3E3C2F636F6E74726F6C3E3C6C61796F75746F626A6563743E3C646473786D6C6F626A3E3C70726F7065727479206E616D653D224163746976655461626C65566965774D6F6465222076616C75653D22312220766172747970653D2238222F3E3C70726F7065727479206E616D653D225461626C65566965774D6F64653A30222076616C75653D22342C302C3238342C302C323331302C312C313839302C352C313236302220766172747970653D2238222F3E3C70726F7065727479206E616D653D225461626C65566965774D6F64653A31222076616C75653D22322C302C3238342C302C323437352220766172747970653D2238222F3E3C70726F7065727479206E616D653D225461626C65566965774D6F64653A32222076616C75653D22322C302C3238342C302C323331302220766172747970653D2238222F3E3C70726F7065727479206E616D653D225461626C65566965774D6F64653A33222076616C75653D22322C302C3238342C302C323331302220766172747970653D2238222F3E3C70726F7065727479206E616D653D225461626C65566965774D6F64653A34222076616C75653D22342C302C3238342C302C323331302C31322C323733302C31312C313638302220766172747970653D2238222F3E3C2F646473786D6C6F626A3E3C2F6C61796F75746F626A6563743E3C73686170652067726F7570736861706569643D2230222067726F75706E6F64653D2230222F3E3C2F646473636F6E74726F6C3E3C646473636F6E74726F6C2073656D616E746963636F6F6B69653D2230316239353735653031303030303030363430303632303036663030303030303436303034623030356630303537303036663030373230303662303036363030366330303666303037373030343930303665303037333030373430303631303036653030363330303635303037333030356630303537303036663030373230303662303036363030366330303666303037373030353430303635303036643030373030303663303036313030373430303635303037333030303030302220636F6E74726F6C70726F6769643D224D534444532E506F6C796C696E652E3038302E312220746F6F6C7469703D2252656C61C3A7C3A36F2027464B5F576F726B666C6F77496E7374616E6365735F576F726B666C6F7754656D706C617465732720656E7472652027576F726B666C6F7754656D706C617465732720652027576F726B666C6F77496E7374616E6365732722206C6566743D222D333638322220746F703D222D3233353722206C6F676963616C69643D2232352220636F6E74726F6C69643D22313722206D617374657269643D2230222068696E74313D2230222068696E74323D2230222077696474683D22313137383222206865696768743D2238313522206E6F726573697A653D223022206E6F6D6F76653D223022206E6F64656661756C74617474616368706F696E74733D223122206175746F647261673D2230222075736564656661756C7469646473686170653D2230222073656C65637461626C653D2231222073686F7773656C656374696F6E68616E646C65733D22302220616C6C6F776E756467696E673D223122206973616E6E6F746174696F6E3D22302220646F6E746175746F6C61796F75743D2230222067726F7570636F6C6C61707365643D2230222074616273746F703D2231222076697369626C653D22312220736E6170746F677269643D2230223E3C636F6E74726F6C3E3C646473786D6C6F626A3E3C706F6C796C696E6520656E64747970656473743D22302220656E64747970657372633D2232222075736572636F6C6F723D22313537393033323022206C696E657374796C653D223022206C696E6572656E6465723D22302220637573746F6D656E647479706564737469643D22302220637573746F6D656E647479706573726369643D2230222061646F726E7376697369626C653D2231223E3C61646F726E6D656E742070657263656E74706F733D2235302E3031303736343236323634382220636F6E74726F6C69643D223138222077696474683D223630353622206865696768743D223334342220736964653D223122206265686176696F723D2233222068696D65747269633D223535393222206469737466726F6D6C696E653D22313735222073746172746F626A3D22302220783D222D3831382220793D222D32343639222076697369626C653D22302220616C6C6F776F7665726C61703D2231222075736570657263656E743D2231222F3E3C2F706F6C796C696E653E3C2F646473786D6C6F626A3E3C2F636F6E74726F6C3E3C6C61796F75746F626A6563743E3C646473786D6C6F626A2F3E3C2F6C61796F75746F626A6563743E3C636F6E6E6563746F7220736F7572636569643D223822206465737469643D2231362220736F75726365617474616368706F696E743D22313031222064657374617474616368706F696E743D2231313022207365676D656E74656469746D6F64653D2230222062656E64706F696E74656469746D6F64653D2230222062656E64706F696E747669736962696C6974793D2230222072656C6174656469643D223022207669727475616C3D2230223E3C706F696E7420783D222D333338322220793D222D31393530222F3E3C706F696E7420783D22373830302220793D222D31393530222F3E3C2F636F6E6E6563746F723E3C2F646473636F6E74726F6C3E3C646473636F6E74726F6C2073656D616E746963636F6F6B69653D22303166366234356435303936336432622220636F6E74726F6C70726F6769643D224D534444532E546578742E3038302E3122206C6566743D222D3831382220746F703D222D3234363922206C6F676963616C69643D2232362220636F6E74726F6C69643D22313822206D617374657269643D223137222068696E74313D2230222068696E74323D2230222077696474683D223630353622206865696768743D2233343422206E6F726573697A653D223122206E6F6D6F76653D223022206E6F64656661756C74617474616368706F696E74733D223122206175746F647261673D2231222075736564656661756C7469646473686170653D2231222073656C65637461626C653D2231222073686F7773656C656374696F6E68616E646C65733D22312220616C6C6F776E756467696E673D223122206973616E6E6F746174696F6E3D22302220646F6E746175746F6C61796F75743D2230222067726F7570636F6C6C61707365643D2230222074616273746F703D2230222076697369626C653D22302220736E6170746F677269643D2230223E3C636F6E74726F6C3E3C646473786D6C6F626A65637473747265616D696E6974777261707065722062696E6172793D2230303032303030306138313730303030353830313030303030333030303030303030303030353030303038303038303030303830303130303030303031353030303130303030303039303031343434323031303030363534363136383666366436313236303034363030346230303566303035373030366630303732303036623030363630303663303036663030373730303439303036653030373330303734303036313030366530303633303036353030373330303566303035373030366630303732303036623030363630303663303036663030373730303534303036353030366430303730303036633030363130303734303036353030373330303030303030303030222F3E3C2F636F6E74726F6C3E3C6C61796F75746F626A6563743E3C646473786D6C6F626A2F3E3C2F6C61796F75746F626A6563743E3C73686170652067726F7570736861706569643D2230222067726F75706E6F64653D2230222F3E3C2F646473636F6E74726F6C3E3C646473636F6E74726F6C2073656D616E746963636F6F6B69653D2230316233336235653031303030303030363430303632303036663030303030303436303034623030356630303537303036663030373230303662303036363030366330303666303037373030343930303665303037333030373430303631303036653030363330303635303037333030356630303535303037333030363530303732303037333030303030302220636F6E74726F6C70726F6769643D224D534444532E506F6C796C696E652E3038302E312220746F6F6C7469703D2252656C61C3A7C3A36F2027464B5F576F726B666C6F77496E7374616E6365735F55736572732720656E747265202755736572732720652027576F726B666C6F77496E7374616E6365732722206C6566743D222D333833322220746F703D222D313631353722206C6F676963616C69643D2232372220636F6E74726F6C69643D22313922206D617374657269643D2230222068696E74313D2230222068696E74323D2230222077696474683D22313139333222206865696768743D22313336383722206E6F726573697A653D223022206E6F6D6F76653D223022206E6F64656661756C74617474616368706F696E74733D223122206175746F647261673D2230222075736564656661756C7469646473686170653D2230222073656C65637461626C653D2231222073686F7773656C656374696F6E68616E646C65733D22302220616C6C6F776E756467696E673D223122206973616E6E6F746174696F6E3D22302220646F6E746175746F6C61796F75743D2230222067726F7570636F6C6C61707365643D2230222074616273746F703D2231222076697369626C653D22312220736E6170746F677269643D2230223E3C636F6E74726F6C3E3C646473786D6C6F626A3E3C706F6C796C696E6520656E64747970656473743D22302220656E64747970657372633D2232222075736572636F6C6F723D22313537393033323022206C696E657374796C653D223022206C696E6572656E6465723D22302220637573746F6D656E647479706564737469643D22302220637573746F6D656E647479706573726369643D2230222061646F726E7376697369626C653D2231223E3C61646F726E6D656E742070657263656E74706F733D2235302220636F6E74726F6C69643D223230222077696474683D223431323422206865696768743D223334342220736964653D223022206265686176696F723D2233222068696D65747269633D22313231313622206469737466726F6D6C696E653D22313735222073746172746F626A3D22302220783D223233312220793D222D3131353231222076697369626C653D22302220616C6C6F776F7665726C61703D2231222075736570657263656E743D2231222F3E3C2F706F6C796C696E653E3C2F646473786D6C6F626A3E3C2F636F6E74726F6C3E3C6C61796F75746F626A6563743E3C646473786D6C6F626A2F3E3C2F6C61796F75746F626A6563743E3C636F6E6E6563746F7220736F7572636569643D223422206465737469643D2231362220736F75726365617474616368706F696E743D22313337222064657374617474616368706F696E743D22393822207365676D656E74656469746D6F64653D2230222062656E64706F696E74656469746D6F64653D2230222062656E64706F696E747669736962696C6974793D2230222072656C6174656469643D223022207669727475616C3D2230223E3C706F696E7420783D222D333533322220793D222D3135373530222F3E3C706F696E7420783D222D323236322220793D222D3135373530222F3E3C706F696E7420783D222D323236322220793D222D3131363936222F3E3C706F696E7420783D22343539302220793D222D3131363936222F3E3C706F696E7420783D22343539302220793D222D32383530222F3E3C706F696E7420783D22373830302220793D222D32383530222F3E3C2F636F6E6E6563746F723E3C2F646473636F6E74726F6C3E3C646473636F6E74726F6C2073656D616E746963636F6F6B69653D22303166366234356431303937336432622220636F6E74726F6C70726F6769643D224D534444532E546578742E3038302E3122206C6566743D223233312220746F703D222D313135323122206C6F676963616C69643D2232382220636F6E74726F6C69643D22323022206D617374657269643D223139222068696E74313D2230222068696E74323D2230222077696474683D223431323422206865696768743D2233343422206E6F726573697A653D223122206E6F6D6F76653D223022206E6F64656661756C74617474616368706F696E74733D223122206175746F647261673D2231222075736564656661756C7469646473686170653D2231222073656C65637461626C653D2231222073686F7773656C656374696F6E68616E646C65733D22312220616C6C6F776E756467696E673D223122206973616E6E6F746174696F6E3D22302220646F6E746175746F6C61796F75743D2230222067726F7570636F6C6C61707365643D2230222074616273746F703D2230222076697369626C653D22302220736E6170746F677269643D2230223E3C636F6E74726F6C3E3C646473786D6C6F626A65637473747265616D696E6974777261707065722062696E6172793D2230303032303030303163313030303030353830313030303030333030303030303030303030353030303038303038303030303830303130303030303031353030303130303030303039303031343434323031303030363534363136383666366436313161303034363030346230303566303035373030366630303732303036623030363630303663303036663030373730303439303036653030373330303734303036313030366530303633303036353030373330303566303035353030373330303635303037323030373330303030303030303030222F3E3C2F636F6E74726F6C3E3C6C61796F75746F626A6563743E3C646473786D6C6F626A2F3E3C2F6C61796F75746F626A6563743E3C73686170652067726F7570736861706569643D2230222067726F75706E6F64653D2230222F3E3C2F646473636F6E74726F6C3E3C646473636F6E74726F6C2073656D616E746963636F6F6B69653D22303131613161373530313030303030303634303036323030366630303030303034363030346230303566303035373030366630303732303036623030363630303663303036663030373730303439303036653030373330303734303036313030366530303633303036353030373330303566303035373030366630303732303036623030363630303663303036663030373730303533303037343030363530303730303037333030303030302220636F6E74726F6C70726F6769643D224D534444532E506F6C796C696E652E3038302E312220746F6F6C7469703D2252656C61C3A7C3A36F2027464B5F576F726B666C6F77496E7374616E6365735F576F726B666C6F7753746570732720656E7472652027576F726B666C6F7753746570732720652027576F726B666C6F77496E7374616E6365732722206C6566743D222D333636322220746F703D223131313622206C6F676963616C69643D2232392220636F6E74726F6C69643D22323122206D617374657269643D2230222068696E74313D2230222068696E74323D2230222077696474683D22313235393222206865696768743D223336343222206E6F726573697A653D223022206E6F6D6F76653D223022206E6F64656661756C74617474616368706F696E74733D223122206175746F647261673D2230222075736564656661756C7469646473686170653D2230222073656C65637461626C653D2231222073686F7773656C656374696F6E68616E646C65733D22302220616C6C6F776E756467696E673D223122206973616E6E6F746174696F6E3D22302220646F6E746175746F6C61796F75743D2230222067726F7570636F6C6C61707365643D2230222074616273746F703D2231222076697369626C653D22312220736E6170746F677269643D2230223E3C636F6E74726F6C3E3C646473786D6C6F626A3E3C706F6C796C696E6520656E64747970656473743D22302220656E64747970657372633D2232222075736572636F6C6F723D22313537393033323022206C696E657374796C653D223022206C696E6572656E6465723D22302220637573746F6D656E647479706564737469643D22302220637573746F6D656E647479706573726369643D2230222061646F726E7376697369626C653D2231223E3C61646F726E6D656E742070657263656E74706F733D2234362E323137373437303130363938362220636F6E74726F6C69643D223232222077696474683D223534323122206865696768743D223334342220736964653D223022206265686176696F723D2233222068696D65747269633D223636373722206469737466726F6D6C696E653D22313735222073746172746F626A3D22302220783D22333431332220793D2234353235222076697369626C653D22302220616C6C6F776F7665726C61703D2231222075736570657263656E743D2231222F3E3C2F706F6C796C696E653E3C2F646473786D6C6F626A3E3C2F636F6E74726F6C3E3C6C61796F75746F626A6563743E3C646473786D6C6F626A2F3E3C2F6C61796F75746F626A6563743E3C636F6E6E6563746F7220736F7572636569643D223522206465737469643D2231362220736F75726365617474616368706F696E743D223939222064657374617474616368706F696E743D223922207365676D656E74656469746D6F64653D2230222062656E64706F696E74656469746D6F64653D2230222062656E64706F696E747669736962696C6974793D2230222072656C6174656469643D223022207669727475616C3D2230223E3C706F696E7420783D222D333336322220793D2234333530222F3E3C706F696E7420783D22383535302220793D2234333530222F3E3C706F696E7420783D22383535302220793D2231383135222F3E3C2F636F6E6E6563746F723E3C2F646473636F6E74726F6C3E3C646473636F6E74726F6C2073656D616E746963636F6F6B69653D22303166366234356464303932336432622220636F6E74726F6C70726F6769643D224D534444532E546578742E3038302E3122206C6566743D22333431332220746F703D223435323522206C6F676963616C69643D2233302220636F6E74726F6C69643D22323222206D617374657269643D223231222068696E74313D2230222068696E74323D2230222077696474683D223534323122206865696768743D2233343422206E6F726573697A653D223122206E6F6D6F76653D223022206E6F64656661756C74617474616368706F696E74733D223122206175746F647261673D2231222075736564656661756C7469646473686170653D2231222073656C65637461626C653D2231222073686F7773656C656374696F6E68616E646C65733D22312220616C6C6F776E756467696E673D223122206973616E6E6F746174696F6E3D22302220646F6E746175746F6C61796F75743D2230222067726F7570636F6C6C61707365643D2230222074616273746F703D2230222076697369626C653D22302220736E6170746F677269643D2230223E3C636F6E74726F6C3E3C646473786D6C6F626A65637473747265616D696E6974777261707065722062696E6172793D22303030323030303032643135303030303538303130303030303330303030303030303030303530303030383030383030303038303031303030303030313530303031303030303030393030313434343230313030303635343631363836663664363132323030343630303462303035663030353730303666303037323030366230303636303036633030366630303737303034393030366530303733303037343030363130303665303036333030363530303733303035663030353730303666303037323030366230303636303036633030366630303737303035333030373430303635303037303030373330303030303030303030222F3E3C2F636F6E74726F6C3E3C6C61796F75746F626A6563743E3C646473786D6C6F626A2F3E3C2F6C61796F75746F626A6563743E3C73686170652067726F7570736861706569643D2230222067726F75706E6F64653D2230222F3E3C2F646473636F6E74726F6C3E3C646473636F6E74726F6C2073656D616E746963636F6F6B69653D2230313932383732623031303030303030363430303632303036663030303030303436303034623030356630303439303037343030363530303664303037333030356630303535303037333030363530303732303037333030303030302220636F6E74726F6C70726F6769643D224D534444532E506F6C796C696E652E3038302E312220746F6F6C7469703D2252656C61C3A7C3A36F2027464B5F4974656D735F55736572732720656E7472652027557365727327206520274974656D732722206C6566743D222D333833322220746F703D222D323030353722206C6F676963616C69643D2233362220636F6E74726F6C69643D22323322206D617374657269643D2230222068696E74313D2230222068696E74323D2230222077696474683D223339383222206865696768743D2238313522206E6F726573697A653D223022206E6F6D6F76653D223022206E6F64656661756C74617474616368706F696E74733D223122206175746F647261673D2230222075736564656661756C7469646473686170653D2230222073656C65637461626C653D2231222073686F7773656C656374696F6E68616E646C65733D22302220616C6C6F776E756467696E673D223122206973616E6E6F746174696F6E3D22302220646F6E746175746F6C61796F75743D2230222067726F7570636F6C6C61707365643D2230222074616273746F703D2231222076697369626C653D22312220736E6170746F677269643D2230223E3C636F6E74726F6C3E3C646473786D6C6F626A3E3C706F6C796C696E6520656E64747970656473743D22302220656E64747970657372633D2232222075736572636F6C6F723D22313537393033323022206C696E657374796C653D223022206C696E6572656E6465723D22302220637573746F6D656E647479706564737469643D22302220637573746F6D656E647479706573726369643D2230222061646F726E7376697369626C653D2231223E3C61646F726E6D656E742070657263656E74706F733D2235372E383236303836393536353231372220636F6E74726F6C69643D223234222077696474683D223232343922206865696768743D223334342220736964653D223022206265686176696F723D2233222068696D65747269633D223139353522206469737466726F6D6C696E653D22313735222073746172746F626A3D22302220783D222D323837372220793D222D3139343735222076697369626C653D22302220616C6C6F776F7665726C61703D2231222075736570657263656E743D2231222F3E3C2F706F6C796C696E653E3C2F646473786D6C6F626A3E3C2F636F6E74726F6C3E3C6C61796F75746F626A6563743E3C646473786D6C6F626A2F3E3C2F6C61796F75746F626A6563743E3C636F6E6E6563746F7220736F7572636569643D223422206465737469643D22322220736F75726365617474616368706F696E743D223835222064657374617474616368706F696E743D22383622207365676D656E74656469746D6F64653D2230222062656E64706F696E74656469746D6F64653D2230222062656E64706F696E747669736962696C6974793D2230222072656C6174656469643D223022207669727475616C3D2230223E3C706F696E7420783D222D333533322220793D222D3139363530222F3E3C706F696E7420783D222D3135302220793D222D3139363530222F3E3C2F636F6E6E6563746F723E3C2F646473636F6E74726F6C3E3C646473636F6E74726F6C2073656D616E746963636F6F6B69653D22303166366234356439303932336432622220636F6E74726F6C70726F6769643D224D534444532E546578742E3038302E3122206C6566743D222D323837372220746F703D222D313934373522206C6F676963616C69643D2233372220636F6E74726F6C69643D22323422206D617374657269643D223233222068696E74313D2230222068696E74323D2230222077696474683D223232343922206865696768743D2233343422206E6F726573697A653D223122206E6F6D6F76653D223022206E6F64656661756C74617474616368706F696E74733D223122206175746F647261673D2231222075736564656661756C7469646473686170653D2231222073656C65637461626C653D2231222073686F7773656C656374696F6E68616E646C65733D22312220616C6C6F776E756467696E673D223122206973616E6E6F746174696F6E3D22302220646F6E746175746F6C61796F75743D2230222067726F7570636F6C6C61707365643D2230222074616273746F703D2230222076697369626C653D22302220736E6170746F677269643D2230223E3C636F6E74726F6C3E3C646473786D6C6F626A65637473747265616D696E6974777261707065722062696E6172793D2230303032303030306339303830303030353830313030303030333030303030303030303030353030303038303038303030303830303130303030303031353030303130303030303039303031343434323031303030363534363136383666366436313065303034363030346230303566303034393030373430303635303036643030373330303566303035353030373330303635303037323030373330303030303030303030222F3E3C2F636F6E74726F6C3E3C6C61796F75746F626A6563743E3C646473786D6C6F626A2F3E3C2F6C61796F75746F626A6563743E3C73686170652067726F7570736861706569643D2230222067726F75706E6F64653D2230222F3E3C2F646473636F6E74726F6C3E3C646473636F6E74726F6C20636F6E74726F6C70726F6769643D227B36323341433037352D324337372D343837332D383833442D3933304234333634423442437D2220746F6F6C7469703D22526F6C657322206C6566743D222D393330302220746F703D222D313237353022206C6F676963616C69643D2234302220636F6E74726F6C69643D22323522206D617374657269643D2230222068696E74313D2230222068696E74323D2230222077696474683D223538363522206865696768743D223234323622206E6F726573697A653D223022206E6F6D6F76653D223022206E6F64656661756C74617474616368706F696E74733D223022206175746F647261673D2230222075736564656661756C7469646473686170653D2230222073656C65637461626C653D2231222073686F7773656C656374696F6E68616E646C65733D22302220616C6C6F776E756467696E673D223122206973616E6E6F746174696F6E3D22302220646F6E746175746F6C61796F75743D2230222067726F7570636F6C6C61707365643D2230222074616273746F703D2231222076697369626C653D22312220736E6170746F677269643D2231223E3C636F6E74726F6C3E3C646473786D6C6F626A65637473747265616D696E6974777261707065722062696E6172793D2232313433333431323038303030303030653931363030303037613039303030303738353633343132303730303030303031343031303030303532303036663030366330303635303037333030303030303030303030303030303030303030303030303030303030303030303030303030303030303030303030303030303030303030303030303030303030303030303030303030303030303030303030303030303030303030303030303030303030303030303030303030303030303030303030303030303030303030303030303030303030303030303030303030303030303030303030303030303030303030303030303030303030303030303030303030303030303030303030303030303030303030303030303030303030303030303030303030303030303030303030303030303030303030303030303030303030303030303030303030303030303030303030303030303030303030303030303030303030303030303030303030303030303030303030303030303030303030303030303030303030303030303030303030303030303030303030303030303030303030303030303030303030303030303030303030303030303030303030303030303030303030303030303030303030303030303030303030303030303030303030303030303030303030303030303030303030303030303030303030303030303030303030303030303030303030303030303030303030303030303030303030303030303030303030313030303030303035303030303030353430303030303032633030303030303263303030303030326330303030303033343030303030303030303030303030303030303030303035623161303030303034313630303030303030303030303032643031303030303037303030303030306330303030303030373030303030303163303130303030363430353030303037343034303030306133303230303030343830333030303034393032303030306565303230303030656330343030303065653032303030306563303430303030333630363030303034373034303030303030303030303030303130303030303065393136303030303761303930303030303030303030303030323030303030303032303030303030303230303030303030323030303030303163303130303030323230623030303030303030303030303031303030303030303630643030303039353035303030303030303030303030303130303030303030313030303030303032303030303030303230303030303031633031303030303634303530303030303130303030303030303030303030303036306430303030346630333030303030303030303030303030303030303030303030303030303030323030303030303032303030303030316330313030303036343035303030303030303030303030303030303030303038363166303030303132323430303030303030303030303030303030303030303064303030303030303430303030303030343030303030303163303130303030363430353030303036333036303030306564303330303030373835363334313230343030303030303534303030303030303130303030303030313030303030303062303030303030303030303030303030313030303030303032303030303030303330303030303030343030303030303035303030303030303630303030303030373030303030303038303030303030303930303030303030613030303030303034303030303030363430303632303036663030303030303036303030303030353230303666303036633030363530303733303030303030222F3E3C2F636F6E74726F6C3E3C6C61796F75746F626A6563743E3C646473786D6C6F626A3E3C70726F7065727479206E616D653D224163746976655461626C65566965774D6F6465222076616C75653D22312220766172747970653D2238222F3E3C70726F7065727479206E616D653D225461626C65566965774D6F64653A30222076616C75653D22342C302C3238342C302C313338302C312C313134302C352C3735302220766172747970653D2238222F3E3C70726F7065727479206E616D653D225461626C65566965774D6F64653A31222076616C75653D22322C302C3238342C302C323835302220766172747970653D2238222F3E3C70726F7065727479206E616D653D225461626C65566965774D6F64653A32222076616C75653D22322C302C3238342C302C313338302220766172747970653D2238222F3E3C70726F7065727479206E616D653D225461626C65566965774D6F64653A33222076616C75653D22322C302C3238342C302C313338302220766172747970653D2238222F3E3C70726F7065727479206E616D653D225461626C65566965774D6F64653A34222076616C75653D22342C302C3238342C302C313338302C31322C313633352C31312C313030352220766172747970653D2238222F3E3C2F646473786D6C6F626A3E3C2F6C61796F75746F626A6563743E3C73686170652067726F7570736861706569643D2230222067726F75706E6F64653D2230222F3E3C2F646473636F6E74726F6C3E3C646473636F6E74726F6C2073656D616E746963636F6F6B69653D2230313030303030303031303030303030363430303632303036663030303030303436303034623030356630303535303037333030363530303732303037333030356630303532303036663030366330303635303037333030303030302220636F6E74726F6C70726F6769643D224D534444532E506F6C796C696E652E3038302E312220746F6F6C7469703D2252656C61C3A7C3A36F2027464B5F55736572735F526F6C65732720656E7472652027526F6C6573272065202755736572732722206C6566743D222D383530372220746F703D222D313632343822206C6F676963616C69643D2234312220636F6E74726F6C69643D22323622206D617374657269643D2230222068696E74313D2230222068696E74323D2230222077696474683D2238313522206865696768743D223431393422206E6F726573697A653D223022206E6F6D6F76653D223022206E6F64656661756C74617474616368706F696E74733D223122206175746F647261673D2230222075736564656661756C7469646473686170653D2230222073656C65637461626C653D2231222073686F7773656C656374696F6E68616E646C65733D22302220616C6C6F776E756467696E673D223122206973616E6E6F746174696F6E3D22302220646F6E746175746F6C61796F75743D2230222067726F7570636F6C6C61707365643D2230222074616273746F703D2231222076697369626C653D22312220736E6170746F677269643D2230223E3C636F6E74726F6C3E3C646473786D6C6F626A3E3C706F6C796C696E6520656E64747970656473743D22302220656E64747970657372633D2232222075736572636F6C6F723D22313537393033323022206C696E657374796C653D223022206C696E6572656E6465723D22302220637573746F6D656E647479706564737469643D22302220637573746F6D656E647479706573726369643D2230222061646F726E7376697369626C653D2231223E3C61646F726E6D656E742070657263656E74706F733D2234342E343737323539333033303132342220636F6E74726F6C69643D223237222077696474683D223232323022206865696768743D223334342220736964653D223122206265686176696F723D2233222068696D65747269633D223132343422206469737466726F6D6C696E653D22313735222073746172746F626A3D22302220783D222D31303439352220793D222D3134313835222076697369626C653D22302220616C6C6F776F7665726C61703D2231222075736570657263656E743D2231222F3E3C2F706F6C796C696E653E3C2F646473786D6C6F626A3E3C2F636F6E74726F6C3E3C6C61796F75746F626A6563743E3C646473786D6C6F626A2F3E3C2F6C61796F75746F626A6563743E3C636F6E6E6563746F7220736F7572636569643D22323522206465737469643D22342220736F75726365617474616368706F696E743D223134222064657374617474616368706F696E743D22313522207365676D656E74656469746D6F64653D2230222062656E64706F696E74656469746D6F64653D2230222062656E64706F696E747669736962696C6974793D2230222072656C6174656469643D223022207669727475616C3D2230223E3C706F696E7420783D222D383130302220793D222D3132373530222F3E3C706F696E7420783D222D383130302220793D222D3135353439222F3E3C2F636F6E6E6563746F723E3C2F646473636F6E74726F6C3E3C646473636F6E74726F6C2073656D616E746963636F6F6B69653D22303166366234356464303933336432622220636F6E74726F6C70726F6769643D224D534444532E546578742E3038302E3122206C6566743D222D31303439352220746F703D222D313431383522206C6F676963616C69643D2234322220636F6E74726F6C69643D22323722206D617374657269643D223236222068696E74313D2230222068696E74323D2230222077696474683D223232323022206865696768743D2233343422206E6F726573697A653D223122206E6F6D6F76653D223022206E6F64656661756C74617474616368706F696E74733D223122206175746F647261673D2231222075736564656661756C7469646473686170653D2231222073656C65637461626C653D2231222073686F7773656C656374696F6E68616E646C65733D22312220616C6C6F776E756467696E673D223122206973616E6E6F746174696F6E3D22302220646F6E746175746F6C61796F75743D2230222067726F7570636F6C6C61707365643D2230222074616273746F703D2230222076697369626C653D22302220736E6170746F677269643D2230223E3C636F6E74726F6C3E3C646473786D6C6F626A65637473747265616D696E6974777261707065722062696E6172793D2230303032303030306163303830303030353830313030303030333030303030303030303030353030303038303038303030303830303130303030303031353030303130303030303039303031343434323031303030363534363136383666366436313065303034363030346230303566303035353030373330303635303037323030373330303566303035323030366630303663303036353030373330303030303030303030222F3E3C2F636F6E74726F6C3E3C6C61796F75746F626A6563743E3C646473786D6C6F626A2F3E3C2F6C61796F75746F626A6563743E3C73686170652067726F7570736861706569643D2230222067726F75706E6F64653D2230222F3E3C2F646473636F6E74726F6C3E3C646473636F6E74726F6C20636F6E74726F6C70726F6769643D227B36323341433037352D324337372D343837332D383833442D3933304234333634423442437D2220746F6F6C7469703D22526F6C65735F4465706172746D656E7422206C6566743D222D3630302220746F703D222D313132353022206C6F676963616C69643D2234332220636F6E74726F6C69643D22323822206D617374657269643D2230222068696E74313D2230222068696E74323D2230222077696474683D223437363322206865696768743D223331333822206E6F726573697A653D223022206E6F6D6F76653D223022206E6F64656661756C74617474616368706F696E74733D223022206175746F647261673D2230222075736564656661756C7469646473686170653D2230222073656C65637461626C653D2231222073686F7773656C656374696F6E68616E646C65733D22302220616C6C6F776E756467696E673D223122206973616E6E6F746174696F6E3D22302220646F6E746175746F6C61796F75743D2230222067726F7570636F6C6C61707365643D2230222074616273746F703D2231222076697369626C653D22312220736E6170746F677269643D2231223E3C636F6E74726F6C3E3C646473786D6C6F626A65637473747265616D696E6974777261707065722062696E6172793D22323134333334313230383030303030303962313230303030343230633030303037383536333431323037303030303030313430313030303035323030366630303663303036353030373330303566303034343030363530303730303036313030373230303734303036643030363530303665303037343030303030303030303030303030303030303030303030303030303030303030303030303030303030303030303030303030303030303030303030303030303030303030303030303030303030303030303030303030303030303030303030303030303030303030303030303030303030303030303030303030303030303030303030303030303030303030303030303030303030303030303030303030303030303030303030303030303030303030303030303030303030303030303030303030303030303030303030303030303030303030303030303030303030303030303030303030303030303030303030303030303030303030303030303030303030303030303030303030303030303030303030303030303030303030303030303030303030303030303030303030303030303030303030303030303030303030303030303030303030303030303030303030303030303030303030303030303030303030303030303030303030303030303030303030303030303030303030303030303030303030303030303030303030303030303030303030303030303030303030303030303030303030303030303030303130303030303030353030303030303534303030303030326330303030303032633030303030303263303030303030333430303030303030303030303030303030303030303030356231613030303030343136303030303030303030303030326430313030303030373030303030303063303030303030303730303030303031633031303030303634303530303030373430343030303061333032303030303438303330303030343930323030303065653032303030306563303430303030656530323030303065633034303030303336303630303030343730343030303030303030303030303031303030303030396231323030303034323063303030303030303030303030303330303030303030333030303030303032303030303030303230303030303031633031303030306163303830303030303030303030303030313030303030303036306430303030353630613030303030303030303030303033303030303030303330303030303030323030303030303032303030303030316330313030303036343035303030303031303030303030303030303030303030363064303030303466303330303030303030303030303030303030303030303030303030303030303230303030303030323030303030303163303130303030363430353030303030303030303030303030303030303030383631663030303031323234303030303030303030303030303030303030303030643030303030303034303030303030303430303030303031633031303030303634303530303030363330363030303065643033303030303738353633343132303430303030303036613030303030303031303030303030303130303030303030623030303030303030303030303030303130303030303030323030303030303033303030303030303430303030303030353030303030303036303030303030303730303030303030383030303030303039303030303030306130303030303030343030303030303634303036323030366630303030303031313030303030303532303036663030366330303635303037333030356630303434303036353030373030303631303037323030373430303664303036353030366530303734303030303030222F3E3C2F636F6E74726F6C3E3C6C61796F75746F626A6563743E3C646473786D6C6F626A3E3C70726F7065727479206E616D653D224163746976655461626C65566965774D6F6465222076616C75653D22312220766172747970653D2238222F3E3C70726F7065727479206E616D653D225461626C65566965774D6F64653A30222076616C75653D22342C302C3238342C302C313338302C312C313134302C352C3735302220766172747970653D2238222F3E3C70726F7065727479206E616D653D225461626C65566965774D6F64653A31222076616C75653D22322C302C3238342C302C323232302220766172747970653D2238222F3E3C70726F7065727479206E616D653D225461626C65566965774D6F64653A32222076616C75653D22322C302C3238342C302C313338302220766172747970653D2238222F3E3C70726F7065727479206E616D653D225461626C65566965774D6F64653A33222076616C75653D22322C302C3238342C302C313338302220766172747970653D2238222F3E3C70726F7065727479206E616D653D225461626C65566965774D6F64653A34222076616C75653D22342C302C3238342C302C313338302C31322C313633352C31312C313030352220766172747970653D2238222F3E3C2F646473786D6C6F626A3E3C2F6C61796F75746F626A6563743E3C73686170652067726F7570736861706569643D2230222067726F75706E6F64653D2230222F3E3C2F646473636F6E74726F6C3E3C646473636F6E74726F6C2073656D616E746963636F6F6B69653D22303166303539356630313030303030303634303036323030366630303030303034363030346230303566303035323030366630303663303036353030373330303566303034343030363530303730303036313030373230303734303036643030363530303665303037343030356630303532303036663030366330303635303037333030303030302220636F6E74726F6C70726F6769643D224D534444532E506F6C796C696E652E3038302E312220746F6F6C7469703D2252656C61C3A7C3A36F2027464B5F526F6C65735F4465706172746D656E745F526F6C65732720656E7472652027526F6C65732720652027526F6C65735F4465706172746D656E742722206C6566743D222D333733352220746F703D222D313130353722206C6F676963616C69643D2234342220636F6E74726F6C69643D22323922206D617374657269643D2230222068696E74313D2230222068696E74323D2230222077696474683D223334333522206865696768743D223136383722206E6F726573697A653D223022206E6F6D6F76653D223022206E6F64656661756C74617474616368706F696E74733D223122206175746F647261673D2230222075736564656661756C7469646473686170653D2230222073656C65637461626C653D2231222073686F7773656C656374696F6E68616E646C65733D22302220616C6C6F776E756467696E673D223122206973616E6E6F746174696F6E3D22302220646F6E746175746F6C61796F75743D2230222067726F7570636F6C6C61707365643D2230222074616273746F703D2231222076697369626C653D22312220736E6170746F677269643D2230223E3C636F6E74726F6C3E3C646473786D6C6F626A3E3C706F6C796C696E6520656E64747970656473743D22302220656E64747970657372633D2232222075736572636F6C6F723D22313537393033323022206C696E657374796C653D223022206C696E6572656E6465723D22302220637573746F6D656E647479706564737469643D22302220637573746F6D656E647479706573726369643D2230222061646F726E7376697369626C653D2231223E3C61646F726E6D656E742070657263656E74706F733D2235352E393235323737323931333031382220636F6E74726F6C69643D223330222077696474683D223430303922206865696768743D223334342220736964653D223022206265686176696F723D2233222068696D65747269633D223230383822206469737466726F6D6C696E653D22313735222073746172746F626A3D22302220783D222D363330332220793D222D39373033222076697369626C653D22302220616C6C6F776F7665726C61703D2231222075736570657263656E743D2231222F3E3C2F706F6C796C696E653E3C2F646473786D6C6F626A3E3C2F636F6E74726F6C3E3C6C61796F75746F626A6563743E3C646473786D6C6F626A2F3E3C2F6C61796F75746F626A6563743E3C636F6E6E6563746F7220736F7572636569643D22323522206465737469643D2232382220736F75726365617474616368706F696E743D22313033222064657374617474616368706F696E743D22383022207365676D656E74656469746D6F64653D2230222062656E64706F696E74656469746D6F64653D2230222062656E64706F696E747669736962696C6974793D2230222072656C6174656469643D223022207669727475616C3D2230223E3C706F696E7420783D222D333433352220793D222D3130363530222F3E3C706F696E7420783D222D323131392220793D222D3130363530222F3E3C706F696E7420783D222D323131392220793D222D39373530222F3E3C706F696E7420783D222D3630302220793D222D39373530222F3E3C2F636F6E6E6563746F723E3C2F646473636F6E74726F6C3E3C646473636F6E74726F6C2073656D616E746963636F6F6B69653D22303166366234356431303932336432622220636F6E74726F6C70726F6769643D224D534444532E546578742E3038302E3122206C6566743D222D363330332220746F703D222D3937303322206C6F676963616C69643D2234352220636F6E74726F6C69643D22333022206D617374657269643D223239222068696E74313D2230222068696E74323D2230222077696474683D223430303922206865696768743D2233343422206E6F726573697A653D223122206E6F6D6F76653D223022206E6F64656661756C74617474616368706F696E74733D223122206175746F647261673D2231222075736564656661756C7469646473686170653D2231222073656C65637461626C653D2231222073686F7773656C656374696F6E68616E646C65733D22312220616C6C6F776E756467696E673D223122206973616E6E6F746174696F6E3D22302220646F6E746175746F6C61796F75743D2230222067726F7570636F6C6C61707365643D2230222074616273746F703D2230222076697369626C653D22302220736E6170746F677269643D2230223E3C636F6E74726F6C3E3C646473786D6C6F626A65637473747265616D696E6974777261707065722062696E6172793D22303030323030303061393066303030303538303130303030303330303030303030303030303530303030383030383030303038303031303030303030313530303031303030303030393030313434343230313030303635343631363836663664363131393030343630303462303035663030353230303666303036633030363530303733303035663030343430303635303037303030363130303732303037343030366430303635303036653030373430303566303035323030366630303663303036353030373330303030303030303030222F3E3C2F636F6E74726F6C3E3C6C61796F75746F626A6563743E3C646473786D6C6F626A2F3E3C2F6C61796F75746F626A6563743E3C73686170652067726F7570736861706569643D2230222067726F75706E6F64653D2230222F3E3C2F646473636F6E74726F6C3E3C646473636F6E74726F6C2073656D616E746963636F6F6B69653D22303162393537356530313030303030303634303036323030366630303030303034363030346230303566303035323030366630303663303036353030373330303566303034343030363530303730303036313030373230303734303036643030363530303665303037343030356630303434303036353030373030303631303037323030373430303664303036353030366530303734303037333030303030302220636F6E74726F6C70726F6769643D224D534444532E506F6C796C696E652E3038302E312220746F6F6C7469703D2252656C61C3A7C3A36F2027464B5F526F6C65735F4465706172746D656E745F4465706172746D656E74732720656E74726520274465706172746D656E74732720652027526F6C65735F4465706172746D656E742722206C6566743D222D333639312220746F703D222D3932323922206C6F676963616C69643D2234362220636F6E74726F6C69643D22333122206D617374657269643D2230222068696E74313D2230222068696E74323D2230222077696474683D223333393122206865696768743D223136383722206E6F726573697A653D223022206E6F6D6F76653D223022206E6F64656661756C74617474616368706F696E74733D223122206175746F647261673D2230222075736564656661756C7469646473686170653D2230222073656C65637461626C653D2231222073686F7773656C656374696F6E68616E646C65733D22302220616C6C6F776E756467696E673D223122206973616E6E6F746174696F6E3D22302220646F6E746175746F6C61796F75743D2230222067726F7570636F6C6C61707365643D2230222074616273746F703D2231222076697369626C653D22312220736E6170746F677269643D2230223E3C636F6E74726F6C3E3C646473786D6C6F626A3E3C706F6C796C696E6520656E64747970656473743D22302220656E64747970657372633D2232222075736572636F6C6F723D22313537393033323022206C696E657374796C653D223022206C696E6572656E6465723D22302220637573746F6D656E647479706564737469643D22302220637573746F6D656E647479706573726369643D2230222061646F726E7376697369626C653D2231223E3C61646F726E6D656E742070657263656E74706F733D2234392E383634343938363434393836342220636F6E74726F6C69643D223332222077696474683D223530343622206865696768743D223334342220736964653D223122206265686176696F723D2233222068696D65747269633D223138343022206469737466726F6D6C696E653D22313735222073746172746F626A3D22302220783D222D373332332220793D222D39303230222076697369626C653D22302220616C6C6F776F7665726C61703D2231222075736570657263656E743D2231222F3E3C2F706F6C796C696E653E3C2F646473786D6C6F626A3E3C2F636F6E74726F6C3E3C6C61796F75746F626A6563743E3C646473786D6C6F626A2F3E3C2F6C61796F75746F626A6563743E3C636F6E6E6563746F7220736F7572636569643D223122206465737469643D2232382220736F75726365617474616368706F696E743D223831222064657374617474616368706F696E743D22393222207365676D656E74656469746D6F64653D2230222062656E64706F696E74656469746D6F64653D2230222062656E64706F696E747669736962696C6974793D2230222072656C6174656469643D223022207669727475616C3D2230223E3C706F696E7420783D222D333339312220793D222D37393530222F3E3C706F696E7420783D222D323130322220793D222D37393530222F3E3C706F696E7420783D222D323130322220793D222D38383530222F3E3C706F696E7420783D222D3630302220793D222D38383530222F3E3C2F636F6E6E6563746F723E3C2F646473636F6E74726F6C3E3C646473636F6E74726F6C2073656D616E746963636F6F6B69653D22303166366234356435303933336432622220636F6E74726F6C70726F6769643D224D534444532E546578742E3038302E3122206C6566743D222D373332332220746F703D222D3930323022206C6F676963616C69643D2234372220636F6E74726F6C69643D22333222206D617374657269643D223331222068696E74313D2230222068696E74323D2230222077696474683D223530343622206865696768743D2233343422206E6F726573697A653D223122206E6F6D6F76653D223022206E6F64656661756C74617474616368706F696E74733D223122206175746F647261673D2231222075736564656661756C7469646473686170653D2231222073656C65637461626C653D2231222073686F7773656C656374696F6E68616E646C65733D22312220616C6C6F776E756467696E673D223122206973616E6E6F746174696F6E3D22302220646F6E746175746F6C61796F75743D2230222067726F7570636F6C6C61707365643D2230222074616273746F703D2230222076697369626C653D22302220736E6170746F677269643D2230223E3C636F6E74726F6C3E3C646473786D6C6F626A65637473747265616D696E6974777261707065722062696E6172793D22303030323030303062363133303030303538303130303030303330303030303030303030303530303030383030383030303038303031303030303030313530303031303030303030393030313434343230313030303635343631363836663664363131663030343630303462303035663030353230303666303036633030363530303733303035663030343430303635303037303030363130303732303037343030366430303635303036653030373430303566303034343030363530303730303036313030373230303734303036643030363530303665303037343030373330303030303030303030222F3E3C2F636F6E74726F6C3E3C6C61796F75746F626A6563743E3C646473786D6C6F626A2F3E3C2F6C61796F75746F626A6563743E3C73686170652067726F7570736861706569643D2230222067726F75706E6F64653D2230222F3E3C2F646473636F6E74726F6C3E3C646473636F6E74726F6C2073656D616E746963636F6F6B69653D2230313161316137353031303030303030363430303632303036663030303030303436303034623030356630303537303036663030373230303662303036363030366330303666303037373030343930303665303037333030373430303631303036653030363330303635303037333030356630303537303036663030373230303662303036363030366330303666303037373030353330303734303036353030373030303733303033313030303030302220636F6E74726F6C70726F6769643D224D534444532E506F6C796C696E652E3038302E312220746F6F6C7469703D2252656C61C3A7C3A36F2027464B5F576F726B666C6F77496E7374616E6365735F576F726B666C6F775374657073312720656E7472652027576F726B666C6F7753746570732720652027576F726B666C6F77496E7374616E6365732722206C6566743D222D333636322220746F703D223131313622206C6F676963616C69643D2234382220636F6E74726F6C69643D22333322206D617374657269643D2230222068696E74313D2230222068696E74323D2230222077696474683D22313139393222206865696768743D223330343222206E6F726573697A653D223022206E6F6D6F76653D223022206E6F64656661756C74617474616368706F696E74733D223122206175746F647261673D2230222075736564656661756C7469646473686170653D2230222073656C65637461626C653D2231222073686F7773656C656374696F6E68616E646C65733D22302220616C6C6F776E756467696E673D223122206973616E6E6F746174696F6E3D22302220646F6E746175746F6C61796F75743D2230222067726F7570636F6C6C61707365643D2230222074616273746F703D2231222076697369626C653D22312220736E6170746F677269643D2230223E3C636F6E74726F6C3E3C646473786D6C6F626A3E3C706F6C796C696E6520656E64747970656473743D22302220656E64747970657372633D2232222075736572636F6C6F723D22313537393033323022206C696E657374796C653D223022206C696E6572656E6465723D22302220637573746F6D656E647479706564737469643D22302220637573746F6D656E647479706573726369643D2230222061646F726E7376697369626C653D2231223E3C61646F726E6D656E742070657263656E74706F733D2235352E333836323131323939303734342220636F6E74726F6C69643D223334222077696474683D223535393422206865696768743D223334342220736964653D223022206265686176696F723D2233222068696D65747269633D223733333722206469737466726F6D6C696E653D22313735222073746172746F626A3D22302220783D22343133372220793D2233393132222076697369626C653D22302220616C6C6F776F7665726C61703D2231222075736570657263656E743D2231222F3E3C2F706F6C796C696E653E3C2F646473786D6C6F626A3E3C2F636F6E74726F6C3E3C6C61796F75746F626A6563743E3C646473786D6C6F626A2F3E3C2F6C61796F75746F626A6563743E3C636F6E6E6563746F7220736F7572636569643D223522206465737469643D2231362220736F75726365617474616368706F696E743D223931222064657374617474616368706F696E743D223122207365676D656E74656469746D6F64653D2230222062656E64706F696E74656469746D6F64653D2230222062656E64706F696E747669736962696C6974793D2230222072656C6174656469643D223022207669727475616C3D2230223E3C706F696E7420783D222D333336322220793D2233373530222F3E3C706F696E7420783D22323230392220793D2233373530222F3E3C706F696E7420783D22323230392220793D2233373337222F3E3C706F696E7420783D22373935302220793D2233373337222F3E3C706F696E7420783D22373935302220793D2231383135222F3E3C2F636F6E6E6563746F723E3C2F646473636F6E74726F6C3E3C646473636F6E74726F6C2073656D616E746963636F6F6B69653D22303166366234356439303933336432622220636F6E74726F6C70726F6769643D224D534444532E546578742E3038302E3122206C6566743D22343133372220746F703D223339313222206C6F676963616C69643D2234392220636F6E74726F6C69643D22333422206D617374657269643D223333222068696E74313D2230222068696E74323D2230222077696474683D223535393422206865696768743D2233343422206E6F726573697A653D223122206E6F6D6F76653D223022206E6F64656661756C74617474616368706F696E74733D223122206175746F647261673D2231222075736564656661756C7469646473686170653D2231222073656C65637461626C653D2231222073686F7773656C656374696F6E68616E646C65733D22312220616C6C6F776E756467696E673D223122206973616E6E6F746174696F6E3D22302220646F6E746175746F6C61796F75743D2230222067726F7570636F6C6C61707365643D2230222074616273746F703D2230222076697369626C653D22302220736E6170746F677269643D2230223E3C636F6E74726F6C3E3C646473786D6C6F626A65637473747265616D696E6974777261707065722062696E6172793D2230303032303030306461313530303030353830313030303030333030303030303030303030353030303038303038303030303830303130303030303031353030303130303030303039303031343434323031303030363534363136383666366436313233303034363030346230303566303035373030366630303732303036623030363630303663303036663030373730303439303036653030373330303734303036313030366530303633303036353030373330303566303035373030366630303732303036623030363630303663303036663030373730303533303037343030363530303730303037333030333130303030303030303030222F3E3C2F636F6E74726F6C3E3C6C61796F75746F626A6563743E3C646473786D6C6F626A2F3E3C2F6C61796F75746F626A6563743E3C73686170652067726F7570736861706569643D2230222067726F75706E6F64653D2230222F3E3C2F646473636F6E74726F6C3E3C646473636F6E74726F6C20636F6E74726F6C70726F6769643D227B36323341433037352D324337372D343837332D383833442D3933304234333634423442437D2220746F6F6C7469703D224974656D46616D696C69657322206C6566743D22302220746F703D222D323634303022206C6F676963616C69643D2235332220636F6E74726F6C69643D22333522206D617374657269643D2230222068696E74313D2230222068696E74323D2230222077696474683D223532393122206865696768743D223334303622206E6F726573697A653D223022206E6F6D6F76653D223022206E6F64656661756C74617474616368706F696E74733D223022206175746F647261673D2230222075736564656661756C7469646473686170653D2230222073656C65637461626C653D2231222073686F7773656C656374696F6E68616E646C65733D22302220616C6C6F776E756467696E673D223122206973616E6E6F746174696F6E3D22302220646F6E746175746F6C61796F75743D2230222067726F7570636F6C6C61707365643D2230222074616273746F703D2231222076697369626C653D22312220736E6170746F677269643D2231223E3C636F6E74726F6C3E3C646473786D6C6F626A65637473747265616D696E6974777261707065722062696E6172793D223231343333343132303830303030303061623134303030303465306430303030373835363334313230373030303030303134303130303030343930303734303036353030366430303436303036313030366430303639303036633030363930303635303037333030303030303030303030303030303030303030303030303030303030303030303030303030303030303030303030303030303030303030303030303030303030303030303030303030303030303030303030303030303030303030303030303030303030303030303030303030303030303030303030303030303030303030303030303030303030303030303030303030303030303030303030303030303030303030303030303030303030303030303030303030303030303030303030303030303030303030303030303030303030303030303030303030303030303030303030303030303030303030303030303030303030303030303030303030303030303030303030303030303030303030303030303030303030303030303030303030303030303030303030303030303030303030303030303030303030303030303030303030303030303030303030303030303030303030303030303030303030303030303030303030303030303030303030303030303030303030303030303030303030303030303030303030303030303030303030303030303030303030303030303030303030303030303030303030303030303030303030303030303030303031303030303030303530303030303035343030303030303263303030303030326330303030303032633030303030303334303030303030303030303030303030303030303030303133316530303030636631353030303030303030303030303264303130303030303730303030303030633030303030303037303030303030316330313030303035343036303030303238303530303030613330323030303034383033303030303439303230303030373530333030303065633034303030306565303230303030656330343030303033363036303030303437303430303030303030303030303030313030303030306162313430303030346530643030303030303030303030303033303030303030303330303030303030323030303030303032303030303030316330313030303064383039303030303030303030303030303130303030303039333065303030303935303530303030303030303030303030313030303030303031303030303030303230303030303030323030303030303163303130303030353430363030303030313030303030303030303030303030393330653030303033343033303030303030303030303030303030303030303030303030303030303032303030303030303230303030303031633031303030303534303630303030303030303030303030303030303030303132323430303030613832333030303030303030303030303030303030303030306430303030303030343030303030303034303030303030316330313030303035343036303030303731303730303030393230343030303037383536333431323034303030303030363230303030303030313030303030303031303030303030306230303030303030303030303030303031303030303030303230303030303030333030303030303034303030303030303530303030303030363030303030303037303030303030303830303030303030393030303030303061303030303030303430303030303036343030363230303666303030303030306430303030303034393030373430303635303036643030343630303631303036643030363930303663303036393030363530303733303030303030222F3E3C2F636F6E74726F6C3E3C6C61796F75746F626A6563743E3C646473786D6C6F626A3E3C70726F7065727479206E616D653D224163746976655461626C65566965774D6F6465222076616C75653D22312220766172747970653D2238222F3E3C70726F7065727479206E616D653D225461626C65566965774D6F64653A30222076616C75653D22342C302C3238342C302C313632302C312C313332302C352C3838352220766172747970653D2238222F3E3C70726F7065727479206E616D653D225461626C65566965774D6F64653A31222076616C75653D22322C302C3238342C302C323532302220766172747970653D2238222F3E3C70726F7065727479206E616D653D225461626C65566965774D6F64653A32222076616C75653D22322C302C3238342C302C313632302220766172747970653D2238222F3E3C70726F7065727479206E616D653D225461626C65566965774D6F64653A33222076616C75653D22322C302C3238342C302C313632302220766172747970653D2238222F3E3C70726F7065727479206E616D653D225461626C65566965774D6F64653A34222076616C75653D22342C302C3238342C302C313632302C31322C313930352C31312C313137302220766172747970653D2238222F3E3C2F646473786D6C6F626A3E3C2F6C61796F75746F626A6563743E3C73686170652067726F7570736861706569643D2230222067726F75706E6F64653D2230222F3E3C2F646473636F6E74726F6C3E3C646473636F6E74726F6C2073656D616E746963636F6F6B69653D223031613534323565303130303030303036343030363230303666303030303030343630303462303035663030343930303734303036353030366430303733303035663030343930303734303036353030366430303436303036313030366430303639303036633030363930303635303037333030303030302220636F6E74726F6C70726F6769643D224D534444532E506F6C796C696E652E3038302E312220746F6F6C7469703D2252656C61C3A7C3A36F2027464B5F4974656D735F4974656D46616D696C6965732720656E74726520274974656D46616D696C69657327206520274974656D732722206C6566743D22313834332220746F703D222D323336383922206C6F676963616C69643D2236382220636F6E74726F6C69643D22333622206D617374657269643D2230222068696E74313D2230222068696E74323D2230222077696474683D2238313522206865696768743D223336383922206E6F726573697A653D223022206E6F6D6F76653D223022206E6F64656661756C74617474616368706F696E74733D223122206175746F647261673D2230222075736564656661756C7469646473686170653D2230222073656C65637461626C653D2231222073686F7773656C656374696F6E68616E646C65733D22302220616C6C6F776E756467696E673D223122206973616E6E6F746174696F6E3D22302220646F6E746175746F6C61796F75743D2230222067726F7570636F6C6C61707365643D2230222074616273746F703D2231222076697369626C653D22312220736E6170746F677269643D2230223E3C636F6E74726F6C3E3C646473786D6C6F626A3E3C706F6C796C696E6520656E64747970656473743D22302220656E64747970657372633D2232222075736572636F6C6F723D22313537393033323022206C696E657374796C653D223022206C696E6572656E6465723D22302220637573746F6D656E647479706564737469643D22302220637573746F6D656E647479706573726369643D2230222061646F726E7376697369626C653D2231223E3C61646F726E6D656E742070657263656E74706F733D2235372E3837373633393431353236382220636F6E74726F6C69643D223337222077696474683D223331373122206865696768743D223334342220736964653D223022206265686176696F723D2233222068696D65747269633D223133323722206469737466726F6D6C696E653D22313735222073746172746F626A3D22302220783D222D313039362220793D222D3231383635222076697369626C653D22302220616C6C6F776F7665726C61703D2231222075736570657263656E743D2231222F3E3C2F706F6C796C696E653E3C2F646473786D6C6F626A3E3C2F636F6E74726F6C3E3C6C61796F75746F626A6563743E3C646473786D6C6F626A2F3E3C2F6C61796F75746F626A6563743E3C636F6E6E6563746F7220736F7572636569643D22333522206465737469643D22322220736F75726365617474616368706F696E743D223239222064657374617474616368706F696E743D22333022207365676D656E74656469746D6F64653D2230222062656E64706F696E74656469746D6F64653D2230222062656E64706F696E747669736962696C6974793D2230222072656C6174656469643D223022207669727475616C3D2230223E3C706F696E7420783D22323235302220793D222D3232393934222F3E3C706F696E7420783D22323235302220793D222D3230373030222F3E3C2F636F6E6E6563746F723E3C2F646473636F6E74726F6C3E3C646473636F6E74726F6C2073656D616E746963636F6F6B69653D22303166366234356436386430343132622220636F6E74726F6C70726F6769643D224D534444532E546578742E3038302E3122206C6566743D222D313039362220746F703D222D323138363522206C6F676963616C69643D2236392220636F6E74726F6C69643D22333722206D617374657269643D223336222068696E74313D2230222068696E74323D2230222077696474683D223331373122206865696768743D2233343422206E6F726573697A653D223122206E6F6D6F76653D223022206E6F64656661756C74617474616368706F696E74733D223122206175746F647261673D2231222075736564656661756C7469646473686170653D2231222073656C65637461626C653D2231222073686F7773656C656374696F6E68616E646C65733D22312220616C6C6F776E756467696E673D223122206973616E6E6F746174696F6E3D22302220646F6E746175746F6C61796F75743D2230222067726F7570636F6C6C61707365643D2230222074616273746F703D2230222076697369626C653D22302220736E6170746F677269643D2230223E3C636F6E74726F6C3E3C646473786D6C6F626A65637473747265616D696E6974777261707065722062696E6172793D223030303230303030363330633030303035383031303030303033303030303030303030303035303030303830303830303030383030313030303030303135303030313030303030303930303134343432303130303036353436313638366636643631313530303436303034623030356630303439303037343030363530303664303037333030356630303439303037343030363530303664303034363030363130303664303036393030366330303639303036353030373330303030303030303030222F3E3C2F636F6E74726F6C3E3C6C61796F75746F626A6563743E3C646473786D6C6F626A2F3E3C2F6C61796F75746F626A6563743E3C73686170652067726F7570736861706569643D2230222067726F75706E6F64653D2230222F3E3C2F646473636F6E74726F6C3E3C646473636F6E74726F6C2073656D616E746963636F6F6B69653D2230316630353935663031303030303030363430303632303036663030303030303436303034623030356630303537303036663030373230303662303036363030366330303666303037373030343930303665303037333030373430303631303036653030363330303635303037333030356630303439303037343030363530303664303037333030303030302220636F6E74726F6C70726F6769643D224D534444532E506F6C796C696E652E3038302E312220746F6F6C7469703D2252656C61C3A7C3A36F2027464B5F576F726B666C6F77496E7374616E6365735F4974656D732720656E74726520274974656D732720652027576F726B666C6F77496E7374616E6365732722206C6566743D22343834332220746F703D222D313238323922206C6F676963616C69643D2237302220636F6E74726F6C69643D22333822206D617374657269643D2230222068696E74313D2230222068696E74323D2230222077696474683D223332353722206865696768743D223931353922206E6F726573697A653D223022206E6F6D6F76653D223022206E6F64656661756C74617474616368706F696E74733D223122206175746F647261673D2230222075736564656661756C7469646473686170653D2230222073656C65637461626C653D2231222073686F7773656C656374696F6E68616E646C65733D22302220616C6C6F776E756467696E673D223122206973616E6E6F746174696F6E3D22302220646F6E746175746F6C61796F75743D2230222067726F7570636F6C6C61707365643D2230222074616273746F703D2231222076697369626C653D22312220736E6170746F677269643D2230223E3C636F6E74726F6C3E3C646473786D6C6F626A3E3C706F6C796C696E6520656E64747970656473743D22302220656E64747970657372633D2232222075736572636F6C6F723D22313537393033323022206C696E657374796C653D223022206C696E6572656E6465723D22302220637573746F6D656E647479706564737469643D22302220637573746F6D656E647479706573726369643D2230222061646F726E7376697369626C653D2231223E3C61646F726E6D656E742070657263656E74706F733D2235322E3735333333393835303131342220636F6E74726F6C69643D223339222077696474683D223431323422206865696768743D223334342220736964653D223022206265686176696F723D2233222068696D65747269633D223536303922206469737466726F6D6C696E653D22313735222073746172746F626A3D22302220783D223936362220793D222D36333635222076697369626C653D22302220616C6C6F776F7665726C61703D2231222075736570657263656E743D2231222F3E3C2F706F6C796C696E653E3C2F646473786D6C6F626A3E3C2F636F6E74726F6C3E3C6C61796F75746F626A6563743E3C646473786D6C6F626A2F3E3C2F6C61796F75746F626A6563743E3C636F6E6E6563746F7220736F7572636569643D223222206465737469643D2231362220736F75726365617474616368706F696E743D223731222064657374617474616368706F696E743D22383222207365676D656E74656469746D6F64653D2230222062656E64706F696E74656469746D6F64653D2230222062656E64706F696E747669736962696C6974793D2230222072656C6174656469643D223022207669727475616C3D2230223E3C706F696E7420783D22353235302220793D222D3132313334222F3E3C706F696E7420783D22353235302220793D222D39363633222F3E3C706F696E7420783D22353236352220793D222D39363633222F3E3C706F696E7420783D22353236352220793D222D34303530222F3E3C706F696E7420783D22373830302220793D222D34303530222F3E3C2F636F6E6E6563746F723E3C2F646473636F6E74726F6C3E3C646473636F6E74726F6C2073656D616E746963636F6F6B69653D22303166366234356465386366343132622220636F6E74726F6C70726F6769643D224D534444532E546578742E3038302E3122206C6566743D223936362220746F703D222D3633363522206C6F676963616C69643D2237312220636F6E74726F6C69643D22333922206D617374657269643D223338222068696E74313D2230222068696E74323D2230222077696474683D223431323422206865696768743D2233343422206E6F726573697A653D223122206E6F6D6F76653D223022206E6F64656661756C74617474616368706F696E74733D223122206175746F647261673D2231222075736564656661756C7469646473686170653D2231222073656C65637461626C653D2231222073686F7773656C656374696F6E68616E646C65733D22312220616C6C6F776E756467696E673D223122206973616E6E6F746174696F6E3D22302220646F6E746175746F6C61796F75743D2230222067726F7570636F6C6C61707365643D2230222074616273746F703D2230222076697369626C653D22302220736E6170746F677269643D2230223E3C636F6E74726F6C3E3C646473786D6C6F626A65637473747265616D696E6974777261707065722062696E6172793D2230303032303030303163313030303030353830313030303030333030303030303030303030353030303038303038303030303830303130303030303031353030303130303030303039303031343434323031303030363534363136383666366436313161303034363030346230303566303035373030366630303732303036623030363630303663303036663030373730303439303036653030373330303734303036313030366530303633303036353030373330303566303034393030373430303635303036643030373330303030303030303030222F3E3C2F636F6E74726F6C3E3C6C61796F75746F626A6563743E3C646473786D6C6F626A2F3E3C2F6C61796F75746F626A6563743E3C73686170652067726F7570736861706569643D2230222067726F75706E6F64653D2230222F3E3C2F646473636F6E74726F6C3E3C646473636F6E74726F6C20636F6E74726F6C70726F6769643D227B36323341433037352D324337372D343837332D383833442D3933304234333634423442437D2220746F6F6C7469703D224974656D4E616D655265736572766174696F6E7322206C6566743D222D393135302220746F703D222D323632353022206C6F676963616C69643D2237322220636F6E74726F6C69643D22343022206D617374657269643D2230222068696E74313D2230222068696E74323D2230222077696474683D223536383822206865696768743D223335333822206E6F726573697A653D223022206E6F6D6F76653D223022206E6F64656661756C74617474616368706F696E74733D223022206175746F647261673D2230222075736564656661756C7469646473686170653D2230222073656C65637461626C653D2231222073686F7773656C656374696F6E68616E646C65733D22302220616C6C6F776E756467696E673D223122206973616E6E6F746174696F6E3D22302220646F6E746175746F6C61796F75743D2230222067726F7570636F6C6C61707365643D2230222074616273746F703D2231222076697369626C653D22312220736E6170746F677269643D2231223E3C636F6E74726F6C3E3C646473786D6C6F626A65637473747265616D696E6974777261707065722062696E6172793D2232313433333431323038303030303030333831363030303064323064303030303738353633343132303730303030303031343031303030303439303037343030363530303664303034653030363130303664303036353030353230303635303037333030363530303732303037363030363130303734303036393030366630303665303037333030303030303030303030303030303030303030303030303030303030303030303030303030303030303030303030303030303030303030303030303030303030303030303030303030303030303030303030303030303030303030303030303030303030303030303030303030303030303030303030303030303030303030303030303030303030303030303030303030303030303030303030303030303030303030303030303030303030303030303030303030303030303030303030303030303030303030303030303030303030303030303030303030303030303030303030303030303030303030303030303030303030303030303030303030303030303030303030303030303030303030303030303030303030303030303030303030303030303030303030303030303030303030303030303030303030303030303030303030303030303030303030303030303030303030303030303030303030303030303030303030303030303030303030303030303030303030303030303030303030303030303030303030303030303030303030303030303030303030303030313030303030303035303030303030353430303030303032633030303030303263303030303030326330303030303033343030303030303030303030303030303030303030303062313231303030303961313530303030303030303030303032643031303030303037303030303030306330303030303030373030303030303163303130303030333530373030303065623035303030306133303230303030343830333030303034393032303030306564303330303030656330343030303065653032303030306563303430303030333630363030303034373034303030303030303030303030303130303030303033383136303030306432306430303030303030303030303030343030303030303034303030303030303230303030303030323030303030303163303130303030623930613030303030303030303030303031303030303030323031303030303064623037303030303030303030303030303230303030303030323030303030303032303030303030303230303030303031633031303030303335303730303030303130303030303030303030303030303230313030303030333430333030303030303030303030303030303030303030303030303030303030323030303030303032303030303030316330313030303033353037303030303030303030303030303030303030303062393238303030303733323330303030303030303030303030303030303030303064303030303030303430303030303030343030303030303163303130303030333530373030303038653038303030303436303530303030373835363334313230343030303030303732303030303030303130303030303030313030303030303062303030303030303030303030303030313030303030303032303030303030303330303030303030343030303030303035303030303030303630303030303030373030303030303038303030303030303930303030303030613030303030303034303030303030363430303632303036663030303030303135303030303030343930303734303036353030366430303465303036313030366430303635303035323030363530303733303036353030373230303736303036313030373430303639303036663030366530303733303030303030222F3E3C2F636F6E74726F6C3E3C6C61796F75746F626A6563743E3C646473786D6C6F626A3E3C70726F7065727479206E616D653D224163746976655461626C65566965774D6F6465222076616C75653D22312220766172747970653D2238222F3E3C70726F7065727479206E616D653D225461626C65566965774D6F64653A30222076616C75653D22342C302C3238342C302C313834352C312C313531352C352C313030352220766172747970653D2238222F3E3C70726F7065727479206E616D653D225461626C65566965774D6F64653A31222076616C75653D22322C302C3238342C302C323734352220766172747970653D2238222F3E3C70726F7065727479206E616D653D225461626C65566965774D6F64653A32222076616C75653D22322C302C3238342C302C313834352220766172747970653D2238222F3E3C70726F7065727479206E616D653D225461626C65566965774D6F64653A33222076616C75653D22322C302C3238342C302C313834352220766172747970653D2238222F3E3C70726F7065727479206E616D653D225461626C65566965774D6F64653A34222076616C75653D22342C302C3238342C302C313834352C31322C323139302C31312C313335302220766172747970653D2238222F3E3C2F646473786D6C6F626A3E3C2F6C61796F75746F626A6563743E3C73686170652067726F7570736861706569643D2230222067726F75706E6F64653D2230222F3E3C2F646473636F6E74726F6C3E3C646473636F6E74726F6C2073656D616E746963636F6F6B69653D2230316239353735653031303030303030363430303632303036663030303030303436303034623030356630303439303037343030363530303664303034653030363130303664303036353030353230303635303037333030363530303732303037363030363130303734303036393030366630303665303037333030356630303535303037333030363530303732303037333030303030302220636F6E74726F6C70726F6769643D224D534444532E506F6C796C696E652E3038302E312220746F6F6C7469703D2252656C61C3A7C3A36F2027464B5F4974656D4E616D655265736572766174696F6E735F55736572732720656E7472652027557365727327206520274974656D4E616D655265736572766174696F6E732722206C6566743D222D363130372220746F703D222D323334313122206C6F676963616C69643D2237332220636F6E74726F6C69643D22343122206D617374657269643D2230222068696E74313D2230222068696E74323D2230222077696474683D2238313522206865696768743D223335353722206E6F726573697A653D223022206E6F6D6F76653D223022206E6F64656661756C74617474616368706F696E74733D223122206175746F647261673D2230222075736564656661756C7469646473686170653D2230222073656C65637461626C653D2231222073686F7773656C656374696F6E68616E646C65733D22302220616C6C6F776E756467696E673D223122206973616E6E6F746174696F6E3D22302220646F6E746175746F6C61796F75743D2230222067726F7570636F6C6C61707365643D2230222074616273746F703D2231222076697369626C653D22312220736E6170746F677269643D2230223E3C636F6E74726F6C3E3C646473786D6C6F626A3E3C706F6C796C696E6520656E64747970656473743D22302220656E64747970657372633D2232222075736572636F6C6F723D22313537393033323022206C696E657374796C653D223022206C696E6572656E6465723D22302220637573746F6D656E647479706564737469643D22302220637573746F6D656E647479706573726369643D2230222061646F726E7376697369626C653D2231223E3C61646F726E6D656E742070657263656E74706F733D2234392E3937393335333036323632392220636F6E74726F6C69643D223432222077696474683D223437303122206865696768743D223334342220736964653D223022206265686176696F723D2233222068696D65747269633D223130383022206469737466726F6D6C696E653D22313735222073746172746F626A3D22302220783D222D353532352220793D222D3231383032222076697369626C653D22302220616C6C6F776F7665726C61703D2231222075736570657263656E743D2231222F3E3C2F706F6C796C696E653E3C2F646473786D6C6F626A3E3C2F636F6E74726F6C3E3C6C61796F75746F626A6563743E3C646473786D6C6F626A2F3E3C2F6C61796F75746F626A6563743E3C636F6E6E6563746F7220736F7572636569643D223422206465737469643D2234302220736F75726365617474616368706F696E743D223436222064657374617474616368706F696E743D22343522207365676D656E74656469746D6F64653D2230222062656E64706F696E74656469746D6F64653D2230222062656E64706F696E747669736962696C6974793D2230222072656C6174656469643D223022207669727475616C3D2230223E3C706F696E7420783D222D353730302220793D222D3230353530222F3E3C706F696E7420783D222D353730302220793D222D3232373132222F3E3C2F636F6E6E6563746F723E3C2F646473636F6E74726F6C3E3C646473636F6E74726F6C2073656D616E746963636F6F6B69653D22303166366234356436386435343132622220636F6E74726F6C70726F6769643D224D534444532E546578742E3038302E3122206C6566743D222D353532352220746F703D222D323138303222206C6F676963616C69643D2237342220636F6E74726F6C69643D22343222206D617374657269643D223431222068696E74313D2230222068696E74323D2230222077696474683D223437303122206865696768743D2233343422206E6F726573697A653D223122206E6F6D6F76653D223022206E6F64656661756C74617474616368706F696E74733D223122206175746F647261673D2231222075736564656661756C7469646473686170653D2231222073656C65637461626C653D2231222073686F7773656C656374696F6E68616E646C65733D22312220616C6C6F776E756467696E673D223122206973616E6E6F746174696F6E3D22302220646F6E746175746F6C61796F75743D2230222067726F7570636F6C6C61707365643D2230222074616273746F703D2230222076697369626C653D22302220736E6170746F677269643D2230223E3C636F6E74726F6C3E3C646473786D6C6F626A65637473747265616D696E6974777261707065722062696E6172793D2230303032303030303564313230303030353830313030303030333030303030303030303030353030303038303038303030303830303130303030303031353030303130303030303039303031343434323031303030363534363136383666366436313164303034363030346230303566303034393030373430303635303036643030346530303631303036643030363530303532303036353030373330303635303037323030373630303631303037343030363930303666303036653030373330303566303035353030373330303635303037323030373330303030303030303030222F3E3C2F636F6E74726F6C3E3C6C61796F75746F626A6563743E3C646473786D6C6F626A2F3E3C2F6C61796F75746F626A6563743E3C73686170652067726F7570736861706569643D2230222067726F75706E6F64653D2230222F3E3C2F646473636F6E74726F6C3E3C646473636F6E74726F6C20636F6E74726F6C70726F6769643D227B36323341433037352D324337372D343837332D383833442D3933304234333634423442437D2220746F6F6C7469703D224974656D4174747269627574657322206C6566743D222D393135302220746F703D223738303022206C6F676963616C69643D2237352220636F6E74726F6C69643D22343322206D617374657269643D2230222068696E74313D2230222068696E74323D2230222077696474683D223538353422206865696768743D223332373522206E6F726573697A653D223022206E6F6D6F76653D223022206E6F64656661756C74617474616368706F696E74733D223022206175746F647261673D2230222075736564656661756C7469646473686170653D2230222073656C65637461626C653D2231222073686F7773656C656374696F6E68616E646C65733D22302220616C6C6F776E756467696E673D223122206973616E6E6F746174696F6E3D22302220646F6E746175746F6C61796F75743D2230222067726F7570636F6C6C61707365643D2230222074616273746F703D2231222076697369626C653D22312220736E6170746F677269643D2231223E3C636F6E74726F6C3E3C646473786D6C6F626A65637473747265616D696E6974777261707065722062696E6172793D2232313433333431323038303030303030646531363030303063623063303030303738353633343132303730303030303031343031303030303439303037343030363530303664303034313030373430303734303037323030363930303632303037353030373430303635303037333030303030303030303030303030303030303030303030303030303030303030303030303030303030303030303030303030303030303030303030303030303030303030303030303030303030303030303030303030303030303030303030303030303030303030303030303030303030303030303030303030303030303030303030303030303030303030303030303030303030303030303030303030303030303030303030303030303030303030303030303030303030303030303030303030303030303030303030303030303030303030303030303030303030303030303030303030303030303030303030303030303030303030303030303030303030303030303030303030303030303030303030303030303030303030303030303030303030303030303030303030303030303030303030303030303030303030303030303030303030303030303030303030303030303030303030303030303030303030303030303030303030303030303030303030303030303030303030303030303030303030303030303030303030303030303030303030303030303030303030303030303030303030303030303030303030303030303030313030303030303035303030303030353430303030303032633030303030303263303030303030326330303030303033343030303030303030303030303030303030303030303062313231303030303961313530303030303030303030303032643031303030303037303030303030306330303030303030373030303030303163303130303030333530373030303065623035303030306133303230303030343830333030303034393032303030306564303330303030656330343030303065653032303030306563303430303030333630363030303034373034303030303030303030303030303130303030303064653136303030306362306330303030303030303030303030333030303030303033303030303030303230303030303030323030303030303163303130303030323230623030303030303030303030303031303030303030323031303030303039353035303030303030303030303030303130303030303030313030303030303032303030303030303230303030303031633031303030303335303730303030303130303030303030303030303030303230313030303030333430333030303030303030303030303030303030303030303030303030303030323030303030303032303030303030316330313030303033353037303030303030303030303030303030303030303062393238303030303733323330303030303030303030303030303030303030303064303030303030303430303030303030343030303030303163303130303030333530373030303038653038303030303436303530303030373835363334313230343030303030303636303030303030303130303030303030313030303030303062303030303030303030303030303030313030303030303032303030303030303330303030303030343030303030303035303030303030303630303030303030373030303030303038303030303030303930303030303030613030303030303034303030303030363430303632303036663030303030303066303030303030343930303734303036353030366430303431303037343030373430303732303036393030363230303735303037343030363530303733303030303030222F3E3C2F636F6E74726F6C3E3C6C61796F75746F626A6563743E3C646473786D6C6F626A3E3C70726F7065727479206E616D653D224163746976655461626C65566965774D6F6465222076616C75653D22312220766172747970653D2238222F3E3C70726F7065727479206E616D653D225461626C65566965774D6F64653A30222076616C75653D22342C302C3238342C302C313834352C312C313531352C352C313030352220766172747970653D2238222F3E3C70726F7065727479206E616D653D225461626C65566965774D6F64653A31222076616C75653D22322C302C3238342C302C323835302220766172747970653D2238222F3E3C70726F7065727479206E616D653D225461626C65566965774D6F64653A32222076616C75653D22322C302C3238342C302C313834352220766172747970653D2238222F3E3C70726F7065727479206E616D653D225461626C65566965774D6F64653A33222076616C75653D22322C302C3238342C302C313834352220766172747970653D2238222F3E3C70726F7065727479206E616D653D225461626C65566965774D6F64653A34222076616C75653D22342C302C3238342C302C313834352C31322C323139302C31312C313335302220766172747970653D2238222F3E3C2F646473786D6C6F626A3E3C2F6C61796F75746F626A6563743E3C73686170652067726F7570736861706569643D2230222067726F75706E6F64653D2230222F3E3C2F646473636F6E74726F6C3E3C646473636F6E74726F6C20636F6E74726F6C70726F6769643D227B36323341433037352D324337372D343837332D383833442D3933304234333634423442437D2220746F6F6C7469703D22576F726B666C6F7753746570735F4974656D4174747269627574657322206C6566743D222D3930302220746F703D223535353022206C6F676963616C69643D2238382220636F6E74726F6C69643D22343422206D617374657269643D2230222068696E74313D2230222068696E74323D2230222077696474683D223632353122206865696768743D223332373422206E6F726573697A653D223022206E6F6D6F76653D223022206E6F64656661756C74617474616368706F696E74733D223022206175746F647261673D2230222075736564656661756C7469646473686170653D2230222073656C65637461626C653D2231222073686F7773656C656374696F6E68616E646C65733D22302220616C6C6F776E756467696E673D223122206973616E6E6F746174696F6E3D22302220646F6E746175746F6C61796F75743D2230222067726F7570636F6C6C61707365643D2230222074616273746F703D2231222076697369626C653D22312220736E6170746F677269643D2231223E3C636F6E74726F6C3E3C646473786D6C6F626A65637473747265616D696E6974777261707065722062696E6172793D22323134333334313230383030303030303662313830303030636130633030303037383536333431323037303030303030313430313030303035373030366630303732303036623030363630303663303036663030373730303533303037343030363530303730303037333030356630303439303037343030363530303664303034313030373430303734303037323030363930303632303037353030373430303635303037333030303030303030303030303030303030303030303030303030303030303030303030303030303030303030303030303030303030303030303030303030303030303030303030303030303030303030303030303030303030303030303030303030303030303030303030303030303030303030303030303030303030303030303030303030303030303030303030303030303030303030303030303030303030303030303030303030303030303030303030303030303030303030303030303030303030303030303030303030303030303030303030303030303030303030303030303030303030303030303030303030303030303030303030303030303030303030303030303030303030303030303030303030303030303030303030303030303030303030303030303030303030303030303030303030303030303030303030303030303030303030303030303030303030303030303030303030303030303030303030303030303030303030303030303030303030303030303030303030303130303030303030353030303030303534303030303030326330303030303032633030303030303263303030303030333430303030303030303030303030303030303030303030623132313030303039613135303030303030303030303030326430313030303030373030303030303063303030303030303730303030303031633031303030303335303730303030656230353030303061333032303030303438303330303030343930323030303065643033303030306563303430303030656530323030303065633034303030303336303630303030343730343030303030303030303030303031303030303030366231383030303063613063303030303030303030303030303330303030303030333030303030303032303030303030303230303030303031633031303030303033306330303030303030303030303030313030303030303230313030303030323130613030303030303030303030303033303030303030303330303030303030323030303030303032303030303030316330313030303033353037303030303031303030303030303030303030303032303130303030303334303330303030303030303030303030303030303030303030303030303030303230303030303030323030303030303163303130303030333530373030303030303030303030303030303030303030623932383030303037333233303030303030303030303030303030303030303030643030303030303034303030303030303430303030303031633031303030303335303730303030386530383030303034363035303030303738353633343132303430303030303038323030303030303031303030303030303130303030303030623030303030303030303030303030303130303030303030323030303030303033303030303030303430303030303030353030303030303036303030303030303730303030303030383030303030303039303030303030306130303030303030343030303030303634303036323030366630303030303031643030303030303537303036663030373230303662303036363030366330303666303037373030353330303734303036353030373030303733303035663030343930303734303036353030366430303431303037343030373430303732303036393030363230303735303037343030363530303733303030303030222F3E3C2F636F6E74726F6C3E3C6C61796F75746F626A6563743E3C646473786D6C6F626A3E3C70726F7065727479206E616D653D224163746976655461626C65566965774D6F6465222076616C75653D22312220766172747970653D2238222F3E3C70726F7065727479206E616D653D225461626C65566965774D6F64653A30222076616C75653D22342C302C3238342C302C313834352C312C313531352C352C313030352220766172747970653D2238222F3E3C70726F7065727479206E616D653D225461626C65566965774D6F64653A31222076616C75653D22322C302C3238342C302C333037352220766172747970653D2238222F3E3C70726F7065727479206E616D653D225461626C65566965774D6F64653A32222076616C75653D22322C302C3238342C302C313834352220766172747970653D2238222F3E3C70726F7065727479206E616D653D225461626C65566965774D6F64653A33222076616C75653D22322C302C3238342C302C313834352220766172747970653D2238222F3E3C70726F7065727479206E616D653D225461626C65566965774D6F64653A34222076616C75653D22342C302C3238342C302C313834352C31322C323139302C31312C313335302220766172747970653D2238222F3E3C2F646473786D6C6F626A3E3C2F6C61796F75746F626A6563743E3C73686170652067726F7570736861706569643D2230222067726F75706E6F64653D2230222F3E3C2F646473636F6E74726F6C3E3C646473636F6E74726F6C2073656D616E746963636F6F6B69653D22303132303437363530313030303030303634303036323030366630303030303034363030346230303566303035373030366630303732303036623030363630303663303036663030373730303533303037343030363530303730303037333030356630303537303036663030373230303662303036363030366330303666303037373030343130303734303037343030373230303639303036323030373530303734303036353030373330303566303035373030366630303732303036623030363630303663303036663030373730303533303037343030363530303730303037333030303030302220636F6E74726F6C70726F6769643D224D534444532E506F6C796C696E652E3038302E312220746F6F6C7469703D2252656C61C3A7C3A36F2027464B5F576F726B666C6F7753746570735F576F726B666C6F77417474726962757465735F576F726B666C6F7753746570732720656E7472652027576F726B666C6F7753746570732720652027576F726B666C6F7753746570735F4974656D417474726962757465732722206C6566743D222D333636322220746F703D223435343322206C6F676963616C69643D2238392220636F6E74726F6C69643D22343522206D617374657269643D2230222068696E74313D2230222068696E74323D2230222077696474683D223330363222206865696768743D223138333722206E6F726573697A653D223022206E6F6D6F76653D223022206E6F64656661756C74617474616368706F696E74733D223122206175746F647261673D2230222075736564656661756C7469646473686170653D2230222073656C65637461626C653D2231222073686F7773656C656374696F6E68616E646C65733D22302220616C6C6F776E756467696E673D223122206973616E6E6F746174696F6E3D22302220646F6E746175746F6C61796F75743D2230222067726F7570636F6C6C61707365643D2230222074616273746F703D2231222076697369626C653D22312220736E6170746F677269643D2230223E3C636F6E74726F6C3E3C646473786D6C6F626A3E3C706F6C796C696E6520656E64747970656473743D22302220656E64747970657372633D2232222075736572636F6C6F723D22313537393033323022206C696E657374796C653D223022206C696E6572656E6465723D22302220637573746F6D656E647479706564737469643D22302220637573746F6D656E647479706573726369643D2230222061646F726E7376697369626C653D2231223E3C61646F726E6D656E742070657263656E74706F733D2235302220636F6E74726F6C69643D223436222077696474683D223736393922206865696768743D223334342220736964653D223122206265686176696F723D2233222068696D65747269633D223137353622206469737466726F6D6C696E653D22313735222073746172746F626A3D22302220783D222D313830352220793D2234383035222076697369626C653D22302220616C6C6F776F7665726C61703D2231222075736570657263656E743D2231222F3E3C2F706F6C796C696E653E3C2F646473786D6C6F626A3E3C2F636F6E74726F6C3E3C6C61796F75746F626A6563743E3C646473786D6C6F626A2F3E3C2F6C61796F75746F626A6563743E3C636F6E6E6563746F7220736F7572636569643D223522206465737469643D2234342220736F75726365617474616368706F696E743D22313037222064657374617474616368706F696E743D22383422207365676D656E74656469746D6F64653D2230222062656E64706F696E74656469746D6F64653D2230222062656E64706F696E747669736962696C6974793D2230222072656C6174656469643D223022207669727475616C3D2230223E3C706F696E7420783D222D333336322220793D2234393530222F3E3C706F696E7420783D222D313938302220793D2234393530222F3E3C706F696E7420783D222D313938302220793D2236303030222F3E3C706F696E7420783D222D3930302220793D2236303030222F3E3C2F636F6E6E6563746F723E3C2F646473636F6E74726F6C3E3C646473636F6E74726F6C2073656D616E746963636F6F6B69653D22303166366234356432386435343132622220636F6E74726F6C70726F6769643D224D534444532E546578742E3038302E3122206C6566743D222D313830352220746F703D223438303522206C6F676963616C69643D2239302220636F6E74726F6C69643D22343622206D617374657269643D223435222068696E74313D2230222068696E74323D2230222077696474683D223736393922206865696768743D2233343422206E6F726573697A653D223122206E6F6D6F76653D223022206E6F64656661756C74617474616368706F696E74733D223122206175746F647261673D2231222075736564656661756C7469646473686170653D2231222073656C65637461626C653D2231222073686F7773656C656374696F6E68616E646C65733D22312220616C6C6F776E756467696E673D223122206973616E6E6F746174696F6E3D22302220646F6E746175746F6C61796F75743D2230222067726F7570636F6C6C61707365643D2230222074616273746F703D2230222076697369626C653D22302220736E6170746F677269643D2230223E3C636F6E74726F6C3E3C646473786D6C6F626A65637473747265616D696E6974777261707065722062696E6172793D22303030323030303031333165303030303538303130303030303330303030303030303030303530303030383030383030303038303031303030303030313530303031303030303030393030313434343230313030303635343631363836663664363133313030343630303462303035663030353730303666303037323030366230303636303036633030366630303737303035333030373430303635303037303030373330303566303035373030366630303732303036623030363630303663303036663030373730303431303037343030373430303732303036393030363230303735303037343030363530303733303035663030353730303666303037323030366230303636303036633030366630303737303035333030373430303635303037303030373330303030303030303030222F3E3C2F636F6E74726F6C3E3C6C61796F75746F626A6563743E3C646473786D6C6F626A2F3E3C2F6C61796F75746F626A6563743E3C73686170652067726F7570736861706569643D2230222067726F75706E6F64653D2230222F3E3C2F646473636F6E74726F6C3E3C646473636F6E74726F6C2073656D616E746963636F6F6B69653D223031613436303262303130303030303036343030363230303666303030303030343630303462303035663030353730303666303037323030366230303636303036633030366630303737303035333030373430303635303037303030373330303566303035373030366630303732303036623030363630303663303036663030373730303431303037343030373430303732303036393030363230303735303037343030363530303733303035663030353730303666303037323030366230303636303036633030366630303737303034313030373430303734303037323030363930303632303037353030373430303635303037333030303030302220636F6E74726F6C70726F6769643D224D534444532E506F6C796C696E652E3038302E312220746F6F6C7469703D2252656C61C3A7C3A36F2027464B5F576F726B666C6F7753746570735F576F726B666C6F77417474726962757465735F576F726B666C6F77417474726962757465732720656E74726520274974656D417474726962757465732720652027576F726B666C6F7753746570735F4974656D417474726962757465732722206C6566743D222D333539362220746F703D223638323122206C6F676963616C69643D2239312220636F6E74726F6C69643D22343722206D617374657269643D2230222068696E74313D2230222068696E74323D2230222077696474683D223239393622206865696768743D223231333722206E6F726573697A653D223022206E6F6D6F76653D223022206E6F64656661756C74617474616368706F696E74733D223122206175746F647261673D2230222075736564656661756C7469646473686170653D2230222073656C65637461626C653D2231222073686F7773656C656374696F6E68616E646C65733D22302220616C6C6F776E756467696E673D223122206973616E6E6F746174696F6E3D22302220646F6E746175746F6C61796F75743D2230222067726F7570636F6C6C61707365643D2230222074616273746F703D2231222076697369626C653D22312220736E6170746F677269643D2230223E3C636F6E74726F6C3E3C646473786D6C6F626A3E3C706F6C796C696E6520656E64747970656473743D22302220656E64747970657372633D2232222075736572636F6C6F723D22313537393033323022206C696E657374796C653D223022206C696E6572656E6465723D22302220637573746F6D656E647479706564737469643D22302220637573746F6D656E647479706573726369643D2230222061646F726E7376697369626C653D2231223E3C61646F726E6D656E742070657263656E74706F733D2235302220636F6E74726F6C69643D223438222077696474683D223833303522206865696768743D223334342220736964653D223022206265686176696F723D2233222068696D65747269633D223138373322206469737466726F6D6C696E653D22313735222073746172746F626A3D22302220783D222D313738372220793D2238313836222076697369626C653D22302220616C6C6F776F7665726C61703D2231222075736570657263656E743D2231222F3E3C2F706F6C796C696E653E3C2F646473786D6C6F626A3E3C2F636F6E74726F6C3E3C6C61796F75746F626A6563743E3C646473786D6C6F626A2F3E3C2F6C61796F75746F626A6563743E3C636F6E6E6563746F7220736F7572636569643D22343322206465737469643D2234342220736F75726365617474616368706F696E743D223835222064657374617474616368706F696E743D2231303022207365676D656E74656469746D6F64653D2230222062656E64706F696E74656469746D6F64653D2230222062656E64706F696E747669736962696C6974793D2230222072656C6174656469643D223022207669727475616C3D2230223E3C706F696E7420783D222D333239362220793D2238353530222F3E3C706F696E7420783D222D313936322220793D2238353530222F3E3C706F696E7420783D222D313936322220793D2237323030222F3E3C706F696E7420783D222D3930302220793D2237323030222F3E3C2F636F6E6E6563746F723E3C2F646473636F6E74726F6C3E3C646473636F6E74726F6C2073656D616E746963636F6F6B69653D22303166366234356436386366343132622220636F6E74726F6C70726F6769643D224D534444532E546578742E3038302E3122206C6566743D222D313738372220746F703D223831383622206C6F676963616C69643D2239322220636F6E74726F6C69643D22343822206D617374657269643D223437222068696E74313D2230222068696E74323D2230222077696474683D223833303522206865696768743D2233343422206E6F726573697A653D223122206E6F6D6F76653D223022206E6F64656661756C74617474616368706F696E74733D223122206175746F647261673D2231222075736564656661756C7469646473686170653D2231222073656C65637461626C653D2231222073686F7773656C656374696F6E68616E646C65733D22312220616C6C6F776E756467696E673D223122206973616E6E6F746174696F6E3D22302220646F6E746175746F6C61796F75743D2230222067726F7570636F6C6C61707365643D2230222074616273746F703D2230222076697369626C653D22302220736E6170746F677269643D2230223E3C636F6E74726F6C3E3C646473786D6C6F626A65637473747265616D696E6974777261707065722062696E6172793D223030303230303030373132303030303035383031303030303033303030303030303030303035303030303830303830303030383030313030303030303135303030313030303030303930303134343432303130303036353436313638366636643631333630303436303034623030356630303537303036663030373230303662303036363030366330303666303037373030353330303734303036353030373030303733303035663030353730303666303037323030366230303636303036633030366630303737303034313030373430303734303037323030363930303632303037353030373430303635303037333030356630303537303036663030373230303662303036363030366330303666303037373030343130303734303037343030373230303639303036323030373530303734303036353030373330303030303030303030222F3E3C2F636F6E74726F6C3E3C6C61796F75746F626A6563743E3C646473786D6C6F626A2F3E3C2F6C61796F75746F626A6563743E3C73686170652067726F7570736861706569643D2230222067726F75706E6F64653D2230222F3E3C2F646473636F6E74726F6C3E3C646473636F6E74726F6C20636F6E74726F6C70726F6769643D227B36323341433037352D324337372D343837332D383833442D3933304234333634423442437D2220746F6F6C7469703D224974656D41747472696275746556616C75657322206C6566743D2231353630302220746F703D222D3436353022206C6F676963616C69643D2239332220636F6E74726F6C69643D22343922206D617374657269643D2230222068696E74313D2230222068696E74323D2230222077696474683D223530363122206865696768743D223332373422206E6F726573697A653D223022206E6F6D6F76653D223022206E6F64656661756C74617474616368706F696E74733D223022206175746F647261673D2230222075736564656661756C7469646473686170653D2230222073656C65637461626C653D2231222073686F7773656C656374696F6E68616E646C65733D22302220616C6C6F776E756467696E673D223122206973616E6E6F746174696F6E3D22302220646F6E746175746F6C61796F75743D2230222067726F7570636F6C6C61707365643D2230222074616273746F703D2231222076697369626C653D22312220736E6170746F677269643D2231223E3C636F6E74726F6C3E3C646473786D6C6F626A65637473747265616D696E6974777261707065722062696E6172793D22323134333334313230383030303030306335313330303030636130633030303037383536333431323037303030303030313430313030303034393030373430303635303036643030343130303734303037343030373230303639303036323030373530303734303036353030353630303631303036633030373530303635303037333030303030303030303030303030303030303030303030303030303030303030303030303030303030303030303030303030303030303030303030303030303030303030303030303030303030303030303030303030303030303030303030303030303030303030303030303030303030303030303030303030303030303030303030303030303030303030303030303030303030303030303030303030303030303030303030303030303030303030303030303030303030303030303030303030303030303030303030303030303030303030303030303030303030303030303030303030303030303030303030303030303030303030303030303030303030303030303030303030303030303030303030303030303030303030303030303030303030303030303030303030303030303030303030303030303030303030303030303030303030303030303030303030303030303030303030303030303030303030303030303030303030303030303030303030303030303030303030303030303030303030303030303030303030303030303030303030303030303030303030303030303130303030303030353030303030303534303030303030326330303030303032633030303030303263303030303030333430303030303030303030303030303030303030303030623132313030303039613135303030303030303030303030326430313030303030373030303030303063303030303030303730303030303031633031303030303335303730303030656230353030303061333032303030303438303330303030343930323030303065643033303030306563303430303030656530323030303065633034303030303336303630303030343730343030303030303030303030303031303030303030633531333030303063613063303030303030303030303030303330303030303030333030303030303032303030303030303230303030303031633031303030303136303830303030303030303030303030313030303030303230313030303030646230373030303030303030303030303032303030303030303230303030303030323030303030303032303030303030316330313030303033353037303030303031303030303030303030303030303032303130303030303334303330303030303030303030303030303030303030303030303030303030303230303030303030323030303030303163303130303030333530373030303030303030303030303030303030303030623932383030303037333233303030303030303030303030303030303030303030643030303030303034303030303030303430303030303031633031303030303335303730303030386530383030303034363035303030303738353633343132303430303030303037303030303030303031303030303030303130303030303030623030303030303030303030303030303130303030303030323030303030303033303030303030303430303030303030353030303030303036303030303030303730303030303030383030303030303039303030303030306130303030303030343030303030303634303036323030366630303030303031343030303030303439303037343030363530303664303034313030373430303734303037323030363930303632303037353030373430303635303035363030363130303663303037353030363530303733303030303030222F3E3C2F636F6E74726F6C3E3C6C61796F75746F626A6563743E3C646473786D6C6F626A3E3C70726F7065727479206E616D653D224163746976655461626C65566965774D6F6465222076616C75653D22312220766172747970653D2238222F3E3C70726F7065727479206E616D653D225461626C65566965774D6F64653A30222076616C75653D22342C302C3238342C302C313834352C312C313531352C352C313030352220766172747970653D2238222F3E3C70726F7065727479206E616D653D225461626C65566965774D6F64653A31222076616C75653D22322C302C3238342C302C323037302220766172747970653D2238222F3E3C70726F7065727479206E616D653D225461626C65566965774D6F64653A32222076616C75653D22322C302C3238342C302C313834352220766172747970653D2238222F3E3C70726F7065727479206E616D653D225461626C65566965774D6F64653A33222076616C75653D22322C302C3238342C302C313834352220766172747970653D2238222F3E3C70726F7065727479206E616D653D225461626C65566965774D6F64653A34222076616C75653D22342C302C3238342C302C313834352C31322C323139302C31312C313335302220766172747970653D2238222F3E3C2F646473786D6C6F626A3E3C2F6C61796F75746F626A6563743E3C73686170652067726F7570736861706569643D2230222067726F75706E6F64653D2230222F3E3C2F646473636F6E74726F6C3E3C646473636F6E74726F6C2073656D616E746963636F6F6B69653D2230316239353735653031303030303030363430303632303036663030303030303436303034623030356630303537303036663030373230303662303034363030366330303666303037373030343930303665303037333030373430303631303036653030363330303635303035363030363130303663303037353030363530303733303035663030353730303666303037323030366230303636303036633030366630303737303034313030373430303734303037323030363930303632303037353030373430303635303037333030303030302220636F6E74726F6C70726F6769643D224D534444532E506F6C796C696E652E3038302E312220746F6F6C7469703D2252656C61C3A7C3A36F2027464B5F576F726B466C6F77496E7374616E636556616C7565735F576F726B666C6F77417474726962757465732720656E74726520274974656D4174747269627574657327206520274974656D41747472696275746556616C7565732722206C6566743D222D333539362220746F703D222D3230373522206C6F676963616C69643D2239342220636F6E74726F6C69643D22353022206D617374657269643D2230222068696E74313D2230222068696E74323D2230222077696474683D22323030323622206865696768743D22313137383322206E6F726573697A653D223022206E6F6D6F76653D223022206E6F64656661756C74617474616368706F696E74733D223122206175746F647261673D2230222075736564656661756C7469646473686170653D2230222073656C65637461626C653D2231222073686F7773656C656374696F6E68616E646C65733D22302220616C6C6F776E756467696E673D223122206973616E6E6F746174696F6E3D22302220646F6E746175746F6C61796F75743D2230222067726F7570636F6C6C61707365643D2230222074616273746F703D2231222076697369626C653D22312220736E6170746F677269643D2230223E3C636F6E74726F6C3E3C646473786D6C6F626A3E3C706F6C796C696E6520656E64747970656473743D22302220656E64747970657372633D2232222075736572636F6C6F723D22313537393033323022206C696E657374796C653D223022206C696E6572656E6465723D22302220637573746F6D656E647479706564737469643D22302220637573746F6D656E647479706573726369643D2230222061646F726E7376697369626C653D2231223E3C61646F726E6D656E742070657263656E74706F733D2235302E303034383030373638313232392220636F6E74726F6C69643D223531222077696474683D223638333522206865696768743D223334342220736964653D223022206265686176696F723D2233222068696D65747269633D22313530313222206469737466726F6D6C696E653D22313735222073746172746F626A3D22302220783D2231313835312220793D2239343735222076697369626C653D22302220616C6C6F776F7665726C61703D2231222075736570657263656E743D2231222F3E3C2F706F6C796C696E653E3C2F646473786D6C6F626A3E3C2F636F6E74726F6C3E3C6C61796F75746F626A6563743E3C646473786D6C6F626A2F3E3C2F6C61796F75746F626A6563743E3C636F6E6E6563746F7220736F7572636569643D22343322206465737469643D2234392220736F75726365617474616368706F696E743D223935222064657374617474616368706F696E743D223522207365676D656E74656469746D6F64653D2230222062656E64706F696E74656469746D6F64653D2230222062656E64706F696E747669736962696C6974793D2230222072656C6174656469643D223022207669727475616C3D2230223E3C706F696E7420783D222D333239362220793D2239333030222F3E3C706F696E7420783D2231363035302220793D2239333030222F3E3C706F696E7420783D2231363035302220793D222D31333736222F3E3C2F636F6E6E6563746F723E3C2F646473636F6E74726F6C3E3C646473636F6E74726F6C2073656D616E746963636F6F6B69653D22303166366234356465386432343132622220636F6E74726F6C70726F6769643D224D534444532E546578742E3038302E3122206C6566743D2231313835312220746F703D223934373522206C6F676963616C69643D2239352220636F6E74726F6C69643D22353122206D617374657269643D223530222068696E74313D2230222068696E74323D2230222077696474683D223638333522206865696768743D2233343422206E6F726573697A653D223122206E6F6D6F76653D223022206E6F64656661756C74617474616368706F696E74733D223122206175746F647261673D2231222075736564656661756C7469646473686170653D2231222073656C65637461626C653D2231222073686F7773656C656374696F6E68616E646C65733D22312220616C6C6F776E756467696E673D223122206973616E6E6F746174696F6E3D22302220646F6E746175746F6C61796F75743D2230222067726F7570636F6C6C61707365643D2230222074616273746F703D2230222076697369626C653D22302220736E6170746F677269643D2230223E3C636F6E74726F6C3E3C646473786D6C6F626A65637473747265616D696E6974777261707065722062696E6172793D2230303032303030306233316130303030353830313030303030333030303030303030303066666666666630303038303030303830303130303030303031353030303130303030303039303031343434323031303030363534363136383666366436313263303034363030346230303566303035373030366630303732303036623030343630303663303036663030373730303439303036653030373330303734303036313030366530303633303036353030353630303631303036633030373530303635303037333030356630303537303036663030373230303662303036363030366330303666303037373030343130303734303037343030373230303639303036323030373530303734303036353030373330303030303030303030222F3E3C2F636F6E74726F6C3E3C6C61796F75746F626A6563743E3C646473786D6C6F626A2F3E3C2F6C61796F75746F626A6563743E3C73686170652067726F7570736861706569643D2230222067726F75706E6F64653D2230222F3E3C2F646473636F6E74726F6C3E3C646473636F6E74726F6C2073656D616E746963636F6F6B69653D2230313834666437323031303030303030363430303632303036663030303030303436303034623030356630303537303036663030373230303662303036363030366330303666303037373030353330303734303036353030373030303733303035663030343930303734303036353030366430303431303037343030373430303732303036393030363230303735303037343030363530303733303035663030343930303734303036353030366430303436303036313030366430303639303036633030363930303635303037333030303030302220636F6E74726F6C70726F6769643D224D534444532E506F6C796C696E652E3038302E312220746F6F6C7469703D2252656C61C3A7C3A36F2027464B5F576F726B666C6F7753746570735F4974656D417474726962757465735F4974656D46616D696C6965732720656E74726520274974656D46616D696C6965732720652027576F726B666C6F7753746570735F4974656D417474726962757465732722206C6566743D22343939312220746F703D222D323434303722206C6F676963616C69643D2239362220636F6E74726F6C69643D22353222206D617374657269643D2230222068696E74313D2230222068696E74323D2230222077696474683D22313034393922206865696768743D22333136383722206E6F726573697A653D223022206E6F6D6F76653D223022206E6F64656661756C74617474616368706F696E74733D223122206175746F647261673D2230222075736564656661756C7469646473686170653D2230222073656C65637461626C653D2231222073686F7773656C656374696F6E68616E646C65733D22302220616C6C6F776E756467696E673D223122206973616E6E6F746174696F6E3D22302220646F6E746175746F6C61796F75743D2230222067726F7570636F6C6C61707365643D2230222074616273746F703D2231222076697369626C653D22312220736E6170746F677269643D2230223E3C636F6E74726F6C3E3C646473786D6C6F626A3E3C706F6C796C696E6520656E64747970656473743D22302220656E64747970657372633D2232222075736572636F6C6F723D22313537393033323022206C696E657374796C653D223022206C696E6572656E6465723D22302220637573746F6D656E647479706564737469643D22302220637573746F6D656E647479706573726369643D2230222061646F726E7376697369626C653D2231223E3C61646F726E6D656E742070657263656E74706F733D2236332E313237313032303137393337322220636F6E74726F6C69643D223533222077696474683D223636363222206865696768743D223334342220736964653D223022206265686176696F723D2233222068696D65747269633D22333139363622206469737466726F6D6C696E653D22313735222073746172746F626A3D22302220783D22383335332220793D222D32323533222076697369626C653D22302220616C6C6F776F7665726C61703D2231222075736570657263656E743D2231222F3E3C2F706F6C796C696E653E3C2F646473786D6C6F626A3E3C2F636F6E74726F6C3E3C6C61796F75746F626A6563743E3C646473786D6C6F626A2F3E3C2F6C61796F75746F626A6563743E3C636F6E6E6563746F7220736F7572636569643D22333522206465737469643D2234342220736F75726365617474616368706F696E743D223939222064657374617474616368706F696E743D22393722207365676D656E74656469746D6F64653D2230222062656E64706F696E74656469746D6F64653D2230222062656E64706F696E747669736962696C6974793D2230222072656C6174656469643D223022207669727475616C3D2230223E3C706F696E7420783D22353239312220793D222D3234303030222F3E3C706F696E7420783D2231353139302220793D222D3234303030222F3E3C706F696E7420783D2231353139302220793D2236393030222F3E3C706F696E7420783D22353335312220793D2236393030222F3E3C2F636F6E6E6563746F723E3C2F646473636F6E74726F6C3E3C646473636F6E74726F6C2073656D616E746963636F6F6B69653D22303166366234356461386432343132622220636F6E74726F6C70726F6769643D224D534444532E546578742E3038302E3122206C6566743D22383335332220746F703D222D3232353322206C6F676963616C69643D2239372220636F6E74726F6C69643D22353322206D617374657269643D223532222068696E74313D2230222068696E74323D2230222077696474683D223636363222206865696768743D2233343422206E6F726573697A653D223122206E6F6D6F76653D223022206E6F64656661756C74617474616368706F696E74733D223122206175746F647261673D2231222075736564656661756C7469646473686170653D2231222073656C65637461626C653D2231222073686F7773656C656374696F6E68616E646C65733D22312220616C6C6F776E756467696E673D223122206973616E6E6F746174696F6E3D22302220646F6E746175746F6C61796F75743D2230222067726F7570636F6C6C61707365643D2230222074616273746F703D2230222076697369626C653D22302220736E6170746F677269643D2230223E3C636F6E74726F6C3E3C646473786D6C6F626A65637473747265616D696E6974777261707065722062696E6172793D2230303032303030303036316130303030353830313030303030333030303030303030303066666666666630303038303030303830303130303030303031353030303130303030303039303031343434323031303030363534363136383666366436313263303034363030346230303566303035373030366630303732303036623030363630303663303036663030373730303533303037343030363530303730303037333030356630303439303037343030363530303664303034313030373430303734303037323030363930303632303037353030373430303635303037333030356630303439303037343030363530303664303034363030363130303664303036393030366330303639303036353030373330303030303030303030222F3E3C2F636F6E74726F6C3E3C6C61796F75746F626A6563743E3C646473786D6C6F626A2F3E3C2F6C61796F75746F626A6563743E3C73686170652067726F7570736861706569643D2230222067726F75706E6F64653D2230222F3E3C2F646473636F6E74726F6C3E3C646473636F6E74726F6C2073656D616E746963636F6F6B69653D223031316131613735303130303030303036343030363230303666303030303030343630303462303035663030353730303666303037323030366230303636303036633030366630303737303034393030366530303733303037343030363130303665303036333030363530303733303035663030343930303734303036353030366430303436303036313030366430303639303036633030363930303635303037333030303030302220636F6E74726F6C70726F6769643D224D534444532E506F6C796C696E652E3038302E312220746F6F6C7469703D2252656C61C3A7C3A36F2027464B5F576F726B666C6F77496E7374616E6365735F4974656D46616D696C6965732720656E74726520274974656D46616D696C6965732720652027576F726B666C6F77496E7374616E6365732722206C6566743D22343939312220746F703D222D323336353722206C6F676963616C69643D2239382220636F6E74726F6C69643D22353422206D617374657269643D2230222068696E74313D2230222068696E74323D2230222077696474683D223936363922206865696768743D22323031333722206E6F726573697A653D223022206E6F6D6F76653D223022206E6F64656661756C74617474616368706F696E74733D223122206175746F647261673D2230222075736564656661756C7469646473686170653D2230222073656C65637461626C653D2231222073686F7773656C656374696F6E68616E646C65733D22302220616C6C6F776E756467696E673D223122206973616E6E6F746174696F6E3D22302220646F6E746175746F6C61796F75743D2230222067726F7570636F6C6C61707365643D2230222074616273746F703D2231222076697369626C653D22312220736E6170746F677269643D2230223E3C636F6E74726F6C3E3C646473786D6C6F626A3E3C706F6C796C696E6520656E64747970656473743D22302220656E64747970657372633D2232222075736572636F6C6F723D22313537393033323022206C696E657374796C653D223022206C696E6572656E6465723D22302220637573746F6D656E647479706564737469643D22302220637573746F6D656E647479706573726369643D2230222061646F726E7376697369626C653D2231223E3C61646F726E6D656E742070657263656E74706F733D2236322E343937363234303235383530362220636F6E74726F6C69643D223535222077696474683D223530343622206865696768743D223334342220736964653D223022206265686176696F723D2233222068696D65747269633D22313832343322206469737466726F6D6C696E653D22313735222073746172746F626A3D22302220783D22393133392220793D222D3134323330222076697369626C653D22302220616C6C6F776F7665726C61703D2231222075736570657263656E743D2231222F3E3C2F706F6C796C696E653E3C2F646473786D6C6F626A3E3C2F636F6E74726F6C3E3C6C61796F75746F626A6563743E3C646473786D6C6F626A2F3E3C2F6C61796F75746F626A6563743E3C636F6E6E6563746F7220736F7572636569643D22333522206465737469643D2231362220736F75726365617474616368706F696E743D22313039222064657374617474616368706F696E743D22383522207365676D656E74656469746D6F64653D2230222062656E64706F696E74656469746D6F64653D2230222062656E64706F696E747669736962696C6974793D2230222072656C6174656469643D223022207669727475616C3D2230223E3C706F696E7420783D22353239312220793D222D3233323530222F3E3C706F696E7420783D2231343336302220793D222D3233323530222F3E3C706F696E7420783D2231343336302220793D222D33393030222F3E3C706F696E7420783D2231333538382220793D222D33393030222F3E3C2F636F6E6E6563746F723E3C2F646473636F6E74726F6C3E3C646473636F6E74726F6C2073656D616E746963636F6F6B69653D22303166366234356465386433343132622220636F6E74726F6C70726F6769643D224D534444532E546578742E3038302E3122206C6566743D22393133392220746F703D222D313432333022206C6F676963616C69643D2239392220636F6E74726F6C69643D22353522206D617374657269643D223534222068696E74313D2230222068696E74323D2230222077696474683D223530343622206865696768743D2233343422206E6F726573697A653D223122206E6F6D6F76653D223022206E6F64656661756C74617474616368706F696E74733D223122206175746F647261673D2231222075736564656661756C7469646473686170653D2231222073656C65637461626C653D2231222073686F7773656C656374696F6E68616E646C65733D22312220616C6C6F776E756467696E673D223122206973616E6E6F746174696F6E3D22302220646F6E746175746F6C61796F75743D2230222067726F7570636F6C6C61707365643D2230222074616273746F703D2230222076697369626C653D22302220736E6170746F677269643D2230223E3C636F6E74726F6C3E3C646473786D6C6F626A65637473747265616D696E6974777261707065722062696E6172793D223030303230303030623631333030303035383031303030303033303030303030303030306666666666663030303830303030383030313030303030303135303030313030303030303930303134343432303130303036353436313638366636643631323130303436303034623030356630303537303036663030373230303662303036363030366330303666303037373030343930303665303037333030373430303631303036653030363330303635303037333030356630303439303037343030363530303664303034363030363130303664303036393030366330303639303036353030373330303030303030303030222F3E3C2F636F6E74726F6C3E3C6C61796F75746F626A6563743E3C646473786D6C6F626A2F3E3C2F6C61796F75746F626A6563743E3C73686170652067726F7570736861706569643D2230222067726F75706E6F64653D2230222F3E3C2F646473636F6E74726F6C3E3C646473636F6E74726F6C20636F6E74726F6C70726F6769643D227B36323341433037352D324337372D343837332D383833442D3933304234333634423442437D2220746F6F6C7469703D224974656D4174747269627574654F7074696F6E7322206C6566743D222D393135302220746F703D22313234353022206C6F676963616C69643D223130372220636F6E74726F6C69643D22353622206D617374657269643D2230222068696E74313D2230222068696E74323D2230222077696474683D223630313922206865696768743D223238373722206E6F726573697A653D223022206E6F6D6F76653D223022206E6F64656661756C74617474616368706F696E74733D223022206175746F647261673D2230222075736564656661756C7469646473686170653D2230222073656C65637461626C653D2231222073686F7773656C656374696F6E68616E646C65733D22302220616C6C6F776E756467696E673D223122206973616E6E6F746174696F6E3D22302220646F6E746175746F6C61796F75743D2230222067726F7570636F6C6C61707365643D2230222074616273746F703D2231222076697369626C653D22312220736E6170746F677269643D2231223E3C636F6E74726F6C3E3C646473786D6C6F626A65637473747265616D696E6974777261707065722062696E6172793D2232313433333431323038303030303030383331373030303033643062303030303738353633343132303730303030303031343031303030303439303037343030363530303664303034313030373430303734303037323030363930303632303037353030373430303635303034663030373030303734303036393030366630303665303037333030303030303030303030303030303030303030303030303030303030303030303030303030303030303030303030303030303030303030303030303030303030303030303030303030303030303030303030303030303030303030303030303030303030303030303030303030303030303030303030303030303030303030303030303030303030303030303030303030303030303030303030303030303030303030303030303030303030303030303030303030303030303030303030303030303030303030303030303030303030303030303030303030303030303030303030303030303030303030303030303030303030303030303030303030303030303030303030303030303030303030303030303030303030303030303030303030303030303030303030303030303030303030303030303030303030303030303030303030303030303030303030303030303030303030303030303030303030303030303030303030303030303030303030303030303030303030303030303030303030303030303030303030303030303030303030303030303030303030303030313030303030303035303030303030353430303030303032633030303030303263303030303030326330303030303033343030303030303030303030303030303030303030303062313231303030303961313530303030303030303030303032643031303030303037303030303030306330303030303030373030303030303163303130303030333530373030303065623035303030306133303230303030343830333030303034393032303030306564303330303030656330343030303065653032303030306563303430303030333630363030303034373034303030303030303030303030303130303030303038333137303030303364306230303030303030303030303030333030303030303033303030303030303230303030303030323030303030303163303130303030366430623030303030303030303030303031303030303030323031303030303064623037303030303030303030303030303230303030303030323030303030303032303030303030303230303030303031633031303030303335303730303030303130303030303030303030303030303230313030303030333430333030303030303030303030303030303030303030303030303030303030323030303030303032303030303030316330313030303033353037303030303030303030303030303030303030303062393238303030303733323330303030303030303030303030303030303030303064303030303030303430303030303030343030303030303163303130303030333530373030303038653038303030303436303530303030373835363334313230343030303030303732303030303030303130303030303030313030303030303062303030303030303030303030303030313030303030303032303030303030303330303030303030343030303030303035303030303030303630303030303030373030303030303038303030303030303930303030303030613030303030303034303030303030363430303632303036663030303030303135303030303030343930303734303036353030366430303431303037343030373430303732303036393030363230303735303037343030363530303466303037303030373430303639303036663030366530303733303030303030222F3E3C2F636F6E74726F6C3E3C6C61796F75746F626A6563743E3C646473786D6C6F626A3E3C70726F7065727479206E616D653D224163746976655461626C65566965774D6F6465222076616C75653D22312220766172747970653D2238222F3E3C70726F7065727479206E616D653D225461626C65566965774D6F64653A30222076616C75653D22342C302C3238342C302C313834352C312C313531352C352C313030352220766172747970653D2238222F3E3C70726F7065727479206E616D653D225461626C65566965774D6F64653A31222076616C75653D22322C302C3238342C302C323932352220766172747970653D2238222F3E3C70726F7065727479206E616D653D225461626C65566965774D6F64653A32222076616C75653D22322C302C3238342C302C313834352220766172747970653D2238222F3E3C70726F7065727479206E616D653D225461626C65566965774D6F64653A33222076616C75653D22322C302C3238342C302C313834352220766172747970653D2238222F3E3C70726F7065727479206E616D653D225461626C65566965774D6F64653A34222076616C75653D22342C302C3238342C302C313834352C31322C323139302C31312C313335302220766172747970653D2238222F3E3C2F646473786D6C6F626A3E3C2F6C61796F75746F626A6563743E3C73686170652067726F7570736861706569643D2230222067726F75706E6F64653D2230222F3E3C2F646473636F6E74726F6C3E3C646473636F6E74726F6C2073656D616E746963636F6F6B69653D22303162393537356530313030303030303634303036323030366630303030303034363030346230303566303034393030373430303635303036643030343130303734303037323030363930303632303037353030373430303635303034663030373030303734303036393030366630303665303037333030356630303439303037343030363530303664303034313030373430303734303037323030363930303632303037353030373430303635303037333030303030302220636F6E74726F6C70726F6769643D224D534444532E506F6C796C696E652E3038302E312220746F6F6C7469703D2252656C61C3A7C3A36F2027464B5F4974656D41747269627574654F7074696F6E735F4974656D417474726962757465732720656E74726520274974656D4174747269627574657327206520274974656D4174747269627574654F7074696F6E732722206C6566743D222D393430372220746F703D22313033383022206C6F676963616C69643D223130382220636F6E74726F6C69643D22353722206D617374657269643D2230222068696E74313D2230222068696E74323D2230222077696474683D2238313522206865696768743D223237373022206E6F726573697A653D223022206E6F6D6F76653D223022206E6F64656661756C74617474616368706F696E74733D223122206175746F647261673D2230222075736564656661756C7469646473686170653D2230222073656C65637461626C653D2231222073686F7773656C656374696F6E68616E646C65733D22302220616C6C6F776E756467696E673D223122206973616E6E6F746174696F6E3D22302220646F6E746175746F6C61796F75743D2230222067726F7570636F6C6C61707365643D2230222074616273746F703D2231222076697369626C653D22312220736E6170746F677269643D2230223E3C636F6E74726F6C3E3C646473786D6C6F626A3E3C706F6C796C696E6520656E64747970656473743D22302220656E64747970657372633D2232222075736572636F6C6F723D22313537393033323022206C696E657374796C653D223022206C696E6572656E6465723D22302220637573746F6D656E647479706564737469643D22302220637573746F6D656E647479706573726369643D2230222061646F726E7376697369626C653D2231223E3C61646F726E6D656E742070657263656E74706F733D2238322E303435303630363538353738392220636F6E74726F6C69643D223538222077696474683D223535333722206865696768743D223334342220736964653D223122206265686176696F723D2233222068696D65747269633D223131323822206469737466726F6D6C696E653D22313735222073746172746F626A3D22302220783D222D383832352220793D223131393230222076697369626C653D22302220616C6C6F776F7665726C61703D2231222075736570657263656E743D2231222F3E3C2F706F6C796C696E653E3C2F646473786D6C6F626A3E3C2F636F6E74726F6C3E3C6C61796F75746F626A6563743E3C646473786D6C6F626A2F3E3C2F6C61796F75746F626A6563743E3C636F6E6E6563746F7220736F7572636569643D22343322206465737469643D2235362220736F75726365617474616368706F696E743D2231222064657374617474616368706F696E743D223022207365676D656E74656469746D6F64653D2230222062656E64706F696E74656469746D6F64653D2230222062656E64706F696E747669736962696C6974793D2230222072656C6174656469643D223022207669727475616C3D2230223E3C706F696E7420783D222D393030302220793D223131303735222F3E3C706F696E7420783D222D393030302220793D223132343530222F3E3C2F636F6E6E6563746F723E3C2F646473636F6E74726F6C3E3C646473636F6E74726F6C2073656D616E746963636F6F6B69653D22303166366234356461386433343132622220636F6E74726F6C70726F6769643D224D534444532E546578742E3038302E3122206C6566743D222D383832352220746F703D22313139323022206C6F676963616C69643D223130392220636F6E74726F6C69643D22353822206D617374657269643D223537222068696E74313D2230222068696E74323D2230222077696474683D223535333722206865696768743D2233343422206E6F726573697A653D223122206E6F6D6F76653D223022206E6F64656661756C74617474616368706F696E74733D223122206175746F647261673D2231222075736564656661756C7469646473686170653D2231222073656C65637461626C653D2231222073686F7773656C656374696F6E68616E646C65733D22312220616C6C6F776E756467696E673D223122206973616E6E6F746174696F6E3D22302220646F6E746175746F6C61796F75743D2230222067726F7570636F6C6C61707365643D2230222074616273746F703D2230222076697369626C653D22302220736E6170746F677269643D2230223E3C636F6E74726F6C3E3C646473786D6C6F626A65637473747265616D696E6974777261707065722062696E6172793D22303030323030303061313135303030303538303130303030303330303030303030303030666666666666303030383030303038303031303030303030313530303031303030303030393030313434343230313030303635343631363836663664363132353030343630303462303035663030343930303734303036353030366430303431303037343030373230303639303036323030373530303734303036353030346630303730303037343030363930303666303036653030373330303566303034393030373430303635303036643030343130303734303037343030373230303639303036323030373530303734303036353030373330303030303030303030222F3E3C2F636F6E74726F6C3E3C6C61796F75746F626A6563743E3C646473786D6C6F626A2F3E3C2F6C61796F75746F626A6563743E3C73686170652067726F7570736861706569643D2230222067726F75706E6F64653D2230222F3E3C2F646473636F6E74726F6C3E3C646473636F6E74726F6C20636F6E74726F6C70726F6769643D227B36323341433037352D324337372D343837332D383833442D3933304234333634423442437D2220746F6F6C7469703D2253746570466F726B7322206C6566743D222D393030302220746F703D22313630353022206C6F676963616C69643D223131332220636F6E74726F6C69643D22353922206D617374657269643D2230222068696E74313D2230222068696E74323D2230222077696474683D223537353522206865696768743D223333373322206E6F726573697A653D223022206E6F6D6F76653D223022206E6F64656661756C74617474616368706F696E74733D223022206175746F647261673D2230222075736564656661756C7469646473686170653D2230222073656C65637461626C653D2231222073686F7773656C656374696F6E68616E646C65733D22302220616C6C6F776E756467696E673D223122206973616E6E6F746174696F6E3D22302220646F6E746175746F6C61796F75743D2230222067726F7570636F6C6C61707365643D2230222074616273746F703D2231222076697369626C653D22312220736E6170746F677269643D2231223E3C636F6E74726F6C3E3C646473786D6C6F626A65637473747265616D696E6974777261707065722062696E6172793D223231343333343132303830303030303037623136303030303264306430303030373835363334313230373030303030303134303130303030353330303734303036353030373030303436303036663030373230303662303037333030303030303030303030303030303030303030303030303030303030303030303030303030303030303030303030303030303030303030303030303030303030303030303030303030303030303030303030303030303030303030303030303030303030303030303030303030303030303030303030303030303030303030303030303030303030303030303030303030303030303030303030303030303030303030303030303030303030303030303030303030303030303030303030303030303030303030303030303030303030303030303030303030303030303030303030303030303030303030303030303030303030303030303030303030303030303030303030303030303030303030303030303030303030303030303030303030303030303030303030303030303030303030303030303030303030303030303030303030303030303030303030303030303030303030303030303030303030303030303030303030303030303030303030303030303030303030303030303030303030303030303030303030303030303030303030303030303030303030303030303030303030303030303030303030303030303030303030303030303030303030303030303030303030303031303030303030303530303030303035343030303030303263303030303030326330303030303032633030303030303334303030303030303030303030303030303030303030306231323130303030396131353030303030303030303030303264303130303030303730303030303030633030303030303037303030303030316330313030303033353037303030306562303530303030613330323030303034383033303030303439303230303030656430333030303065633034303030306565303230303030656330343030303033363036303030303437303430303030303030303030303030313030303030303762313630303030326430643030303030303030303030303034303030303030303430303030303030323030303030303032303030303030316330313030303064373061303030303030303030303030303130303030303032303130303030303935303530303030303030303030303030313030303030303031303030303030303230303030303030323030303030303163303130303030333530373030303030313030303030303030303030303030323031303030303033343033303030303030303030303030303030303030303030303030303030303032303030303030303230303030303031633031303030303335303730303030303030303030303030303030303030306239323830303030373332333030303030303030303030303030303030303030306430303030303030343030303030303034303030303030316330313030303033353037303030303865303830303030343630353030303037383536333431323034303030303030356330303030303030313030303030303031303030303030306230303030303030303030303030303031303030303030303230303030303030333030303030303034303030303030303530303030303030363030303030303037303030303030303830303030303030393030303030303061303030303030303430303030303036343030363230303666303030303030306130303030303035333030373430303635303037303030343630303666303037323030366230303733303030303030222F3E3C2F636F6E74726F6C3E3C6C61796F75746F626A6563743E3C646473786D6C6F626A3E3C70726F7065727479206E616D653D224163746976655461626C65566965774D6F6465222076616C75653D22312220766172747970653D2238222F3E3C70726F7065727479206E616D653D225461626C65566965774D6F64653A30222076616C75653D22342C302C3238342C302C313834352C312C313531352C352C313030352220766172747970653D2238222F3E3C70726F7065727479206E616D653D225461626C65566965774D6F64653A31222076616C75653D22322C302C3238342C302C323737352220766172747970653D2238222F3E3C70726F7065727479206E616D653D225461626C65566965774D6F64653A32222076616C75653D22322C302C3238342C302C313834352220766172747970653D2238222F3E3C70726F7065727479206E616D653D225461626C65566965774D6F64653A33222076616C75653D22322C302C3238342C302C313834352220766172747970653D2238222F3E3C70726F7065727479206E616D653D225461626C65566965774D6F64653A34222076616C75653D22342C302C3238342C302C313834352C31322C323139302C31312C313335302220766172747970653D2238222F3E3C2F646473786D6C6F626A3E3C2F6C61796F75746F626A6563743E3C73686170652067726F7570736861706569643D2230222067726F75706E6F64653D2230222F3E3C2F646473636F6E74726F6C3E3C646473636F6E74726F6C2073656D616E746963636F6F6B69653D2230313030363930303031303030303030363430303632303036663030303030303436303034623030356630303533303037343030363530303730303034363030366630303732303036623030373330303566303035373030366630303732303036623030363630303663303036663030373730303533303037343030363530303730303037333030303030302220636F6E74726F6C70726F6769643D224D534444532E506F6C796C696E652E3038302E312220746F6F6C7469703D2252656C61C3A7C3A36F2027464B5F53746570466F726B735F576F726B666C6F7753746570732720656E7472652027576F726B666C6F775374657073272065202753746570466F726B732722206C6566743D222D31313431332220746F703D223534343322206C6F676963616C69643D223131342220636F6E74726F6C69643D22363022206D617374657269643D2230222068696E74313D2230222068696E74323D2230222077696474683D223237313322206865696768743D22313332333722206E6F726573697A653D223022206E6F6D6F76653D223022206E6F64656661756C74617474616368706F696E74733D223122206175746F647261673D2230222075736564656661756C7469646473686170653D2230222073656C65637461626C653D2231222073686F7773656C656374696F6E68616E646C65733D22302220616C6C6F776E756467696E673D223122206973616E6E6F746174696F6E3D22302220646F6E746175746F6C61796F75743D2230222067726F7570636F6C6C61707365643D2230222074616273746F703D2231222076697369626C653D22312220736E6170746F677269643D2230223E3C636F6E74726F6C3E3C646473786D6C6F626A3E3C706F6C796C696E6520656E64747970656473743D22302220656E64747970657372633D2232222075736572636F6C6F723D22313537393033323022206C696E657374796C653D223022206C696E6572656E6465723D22302220637573746F6D656E647479706564737469643D22302220637573746F6D656E647479706573726369643D2230222061646F726E7376697369626C653D2231223E3C61646F726E6D656E742070657263656E74706F733D2236302E383536313437333336393833362220636F6E74726F6C69643D223631222077696474683D223431353222206865696768743D223334342220736964653D223022206265686176696F723D2233222068696D65747269633D22313030353722206469737466726F6D6C696E653D22313735222073746172746F626A3D22302220783D222D31353434302220793D223133383736222076697369626C653D22302220616C6C6F776F7665726C61703D2231222075736570657263656E743D2231222F3E3C2F706F6C796C696E653E3C2F646473786D6C6F626A3E3C2F636F6E74726F6C3E3C6C61796F75746F626A6563743E3C646473786D6C6F626A2F3E3C2F6C61796F75746F626A6563743E3C636F6E6E6563746F7220736F7572636569643D223522206465737469643D2235392220736F75726365617474616368706F696E743D22313138222064657374617474616368706F696E743D2231303222207365676D656E74656469746D6F64653D2230222062656E64706F696E74656469746D6F64653D2230222062656E64706F696E747669736962696C6974793D2230222072656C6174656469643D223022207669727475616C3D2230223E3C706F696E7420783D222D393135302220793D2235383530222F3E3C706F696E7420783D222D31313131332220793D2235383530222F3E3C706F696E7420783D222D31313131332220793D223138333030222F3E3C706F696E7420783D222D393030302220793D223138333030222F3E3C2F636F6E6E6563746F723E3C2F646473636F6E74726F6C3E3C646473636F6E74726F6C2073656D616E746963636F6F6B69653D22303166366234356436386433343132622220636F6E74726F6C70726F6769643D224D534444532E546578742E3038302E3122206C6566743D222D31353434302220746F703D22313338373622206C6F676963616C69643D223131352220636F6E74726F6C69643D22363122206D617374657269643D223630222068696E74313D2230222068696E74323D2230222077696474683D223431353222206865696768743D2233343422206E6F726573697A653D223122206E6F6D6F76653D223022206E6F64656661756C74617474616368706F696E74733D223122206175746F647261673D2231222075736564656661756C7469646473686170653D2231222073656C65637461626C653D2231222073686F7773656C656374696F6E68616E646C65733D22312220616C6C6F776E756467696E673D223122206973616E6E6F746174696F6E3D22302220646F6E746175746F6C61796F75743D2230222067726F7570636F6C6C61707365643D2230222074616273746F703D2230222076697369626C653D22302220736E6170746F677269643D2230223E3C636F6E74726F6C3E3C646473786D6C6F626A65637473747265616D696E6974777261707065722062696E6172793D2230303032303030303338313030303030353830313030303030333030303030303030303066666666666630303038303030303830303130303030303031353030303130303030303039303031343434323031303030363534363136383666366436313161303034363030346230303566303035333030373430303635303037303030343630303666303037323030366230303733303035663030353730303666303037323030366230303636303036633030366630303737303035333030373430303635303037303030373330303030303030303030222F3E3C2F636F6E74726F6C3E3C6C61796F75746F626A6563743E3C646473786D6C6F626A2F3E3C2F6C61796F75746F626A6563743E3C73686170652067726F7570736861706569643D2230222067726F75706E6F64653D2230222F3E3C2F646473636F6E74726F6C3E3C646473636F6E74726F6C2073656D616E746963636F6F6B69653D223031623333623565303130303030303036343030363230303666303030303030343630303462303035663030353330303734303036353030373030303436303036663030373230303662303037333030356630303439303037343030363530303664303034313030373430303734303037323030363930303632303037353030373430303635303037333030303030302220636F6E74726F6C70726F6769643D224D534444532E506F6C796C696E652E3038302E312220746F6F6C7469703D2252656C61C3A7C3A36F2027464B5F53746570466F726B735F4974656D417474726962757465732720656E74726520274974656D41747472696275746573272065202753746570466F726B732722206C6566743D222D31303537352220746F703D22313035343322206C6F676963616C69643D223131362220636F6E74726F6C69643D22363222206D617374657269643D2230222068696E74313D2230222068696E74323D2230222077696474683D223138373522206865696768743D223630333722206E6F726573697A653D223022206E6F6D6F76653D223022206E6F64656661756C74617474616368706F696E74733D223122206175746F647261673D2230222075736564656661756C7469646473686170653D2230222073656C65637461626C653D2231222073686F7773656C656374696F6E68616E646C65733D22302220616C6C6F776E756467696E673D223122206973616E6E6F746174696F6E3D22302220646F6E746175746F6C61796F75743D2230222067726F7570636F6C6C61707365643D2230222074616273746F703D2231222076697369626C653D22312220736E6170746F677269643D2230223E3C636F6E74726F6C3E3C646473786D6C6F626A3E3C706F6C796C696E6520656E64747970656473743D22302220656E64747970657372633D2232222075736572636F6C6F723D22313537393033323022206C696E657374796C653D223022206C696E6572656E6465723D22302220637573746F6D656E647479706564737469643D22302220637573746F6D656E647479706573726369643D2230222061646F726E7376697369626C653D2231223E3C61646F726E6D656E742070657263656E74706F733D2236302E383434323231313035353237362220636F6E74726F6C69643D223633222077696474683D223430393522206865696768743D223334342220736964653D223022206265686176696F723D2233222068696D65747269633D223436353422206469737466726F6D6C696E653D22313735222073746172746F626A3D22302220783D222D31343534352220793D223134343236222076697369626C653D22302220616C6C6F776F7665726C61703D2231222075736570657263656E743D2231222F3E3C2F706F6C796C696E653E3C2F646473786D6C6F626A3E3C2F636F6E74726F6C3E3C6C61796F75746F626A6563743E3C646473786D6C6F626A2F3E3C2F6C61796F75746F626A6563743E3C636F6E6E6563746F7220736F7572636569643D22343322206465737469643D2235392220736F75726365617474616368706F696E743D22313136222064657374617474616368706F696E743D22373422207365676D656E74656469746D6F64653D2230222062656E64706F696E74656469746D6F64653D2230222062656E64706F696E747669736962696C6974793D2230222072656C6174656469643D223022207669727475616C3D2230223E3C706F696E7420783D222D393135302220793D223130393530222F3E3C706F696E7420783D222D31303237352220793D223130393530222F3E3C706F696E7420783D222D31303237352220793D223136323030222F3E3C706F696E7420783D222D393030302220793D223136323030222F3E3C2F636F6E6E6563746F723E3C2F646473636F6E74726F6C3E3C646473636F6E74726F6C2073656D616E746963636F6F6B69653D22303166366234356432386430343132622220636F6E74726F6C70726F6769643D224D534444532E546578742E3038302E3122206C6566743D222D31343534352220746F703D22313434323622206C6F676963616C69643D223131372220636F6E74726F6C69643D22363322206D617374657269643D223632222068696E74313D2230222068696E74323D2230222077696474683D223430393522206865696768743D2233343422206E6F726573697A653D223122206E6F6D6F76653D223022206E6F64656661756C74617474616368706F696E74733D223122206175746F647261673D2231222075736564656661756C7469646473686170653D2231222073656C65637461626C653D2231222073686F7773656C656374696F6E68616E646C65733D22312220616C6C6F776E756467696E673D223122206973616E6E6F746174696F6E3D22302220646F6E746175746F6C61796F75743D2230222067726F7570636F6C6C61707365643D2230222074616273746F703D2230222076697369626C653D22302220736E6170746F677269643D2230223E3C636F6E74726F6C3E3C646473786D6C6F626A65637473747265616D696E6974777261707065722062696E6172793D223030303230303030666630663030303035383031303030303033303030303030303030306666666666663030303830303030383030313030303030303135303030313030303030303930303134343432303130303036353436313638366636643631316230303436303034623030356630303533303037343030363530303730303034363030366630303732303036623030373330303566303034393030373430303635303036643030343130303734303037343030373230303639303036323030373530303734303036353030373330303030303030303030222F3E3C2F636F6E74726F6C3E3C6C61796F75746F626A6563743E3C646473786D6C6F626A2F3E3C2F6C61796F75746F626A6563743E3C73686170652067726F7570736861706569643D2230222067726F75706E6F64653D2230222F3E3C2F646473636F6E74726F6C3E3C646473636F6E74726F6C2073656D616E746963636F6F6B69653D223031303030303030303130303030303036343030363230303666303030303030343630303462303035663030353330303734303036353030373030303436303036663030373230303662303037333030356630303537303036663030373230303662303036363030366330303666303037373030353330303734303036353030373030303733303033313030303030302220636F6E74726F6C70726F6769643D224D534444532E506F6C796C696E652E3038302E312220746F6F6C7469703D2252656C61C3A7C3A36F2027464B5F53746570466F726B735F576F726B666C6F775374657073312720656E7472652027576F726B666C6F775374657073272065202753746570466F726B732722206C6566743D222D31323037352220746F703D223435343322206C6F676963616C69643D223131382220636F6E74726F6C69643D22363422206D617374657269643D2230222068696E74313D2230222068696E74323D2230222077696474683D223333373522206865696768743D22313437333722206E6F726573697A653D223022206E6F6D6F76653D223022206E6F64656661756C74617474616368706F696E74733D223122206175746F647261673D2230222075736564656661756C7469646473686170653D2230222073656C65637461626C653D2231222073686F7773656C656374696F6E68616E646C65733D22302220616C6C6F776E756467696E673D223122206973616E6E6F746174696F6E3D22302220646F6E746175746F6C61796F75743D2230222067726F7570636F6C6C61707365643D2230222074616273746F703D2231222076697369626C653D22312220736E6170746F677269643D2230223E3C636F6E74726F6C3E3C646473786D6C6F626A3E3C706F6C796C696E6520656E64747970656473743D22302220656E64747970657372633D2232222075736572636F6C6F723D22313537393033323022206C696E657374796C653D223022206C696E6572656E6465723D22302220637573746F6D656E647479706564737469643D22302220637573746F6D656E647479706573726369643D2230222061646F726E7376697369626C653D2231223E3C61646F726E6D656E742070657263656E74706F733D2236312E303335333430393635363534362220636F6E74726F6C69643D223635222077696474683D223433323622206865696768743D223334342220736964653D223022206265686176696F723D2233222068696D65747269633D22313138313022206469737466726F6D6C696E653D22313735222073746172746F626A3D22302220783D222D31363237362220793D223134303732222076697369626C653D22302220616C6C6F776F7665726C61703D2231222075736570657263656E743D2231222F3E3C2F706F6C796C696E653E3C2F646473786D6C6F626A3E3C2F636F6E74726F6C3E3C6C61796F75746F626A6563743E3C646473786D6C6F626A2F3E3C2F6C61796F75746F626A6563743E3C636F6E6E6563746F7220736F7572636569643D223522206465737469643D2235392220736F75726365617474616368706F696E743D22313036222064657374617474616368706F696E743D2231313022207365676D656E74656469746D6F64653D2230222062656E64706F696E74656469746D6F64653D2230222062656E64706F696E747669736962696C6974793D2230222072656C6174656469643D223022207669727475616C3D2230223E3C706F696E7420783D222D393135302220793D2234393530222F3E3C706F696E7420783D222D31313737352220793D2234393530222F3E3C706F696E7420783D222D31313737352220793D223138393030222F3E3C706F696E7420783D222D393030302220793D223138393030222F3E3C2F636F6E6E6563746F723E3C2F646473636F6E74726F6C3E3C646473636F6E74726F6C2073656D616E746963636F6F6B69653D22303166366234356461386436343132622220636F6E74726F6C70726F6769643D224D534444532E546578742E3038302E3122206C6566743D222D31363237362220746F703D22313430373222206C6F676963616C69643D223131392220636F6E74726F6C69643D22363522206D617374657269643D223634222068696E74313D2230222068696E74323D2230222077696474683D223433323622206865696768743D2233343422206E6F726573697A653D223122206E6F6D6F76653D223022206E6F64656661756C74617474616368706F696E74733D223122206175746F647261673D2231222075736564656661756C7469646473686170653D2231222073656C65637461626C653D2231222073686F7773656C656374696F6E68616E646C65733D22312220616C6C6F776E756467696E673D223122206973616E6E6F746174696F6E3D22302220646F6E746175746F6C61796F75743D2230222067726F7570636F6C6C61707365643D2230222074616273746F703D2230222076697369626C653D22302220736E6170746F677269643D2230223E3C636F6E74726F6C3E3C646473786D6C6F626A65637473747265616D696E6974777261707065722062696E6172793D223030303230303030653631303030303035383031303030303033303030303030303030306666666666663030303830303030383030313030303030303135303030313030303030303930303134343432303130303036353436313638366636643631316230303436303034623030356630303533303037343030363530303730303034363030366630303732303036623030373330303566303035373030366630303732303036623030363630303663303036663030373730303533303037343030363530303730303037333030333130303030303030303030222F3E3C2F636F6E74726F6C3E3C6C61796F75746F626A6563743E3C646473786D6C6F626A2F3E3C2F6C61796F75746F626A6563743E3C73686170652067726F7570736861706569643D2230222067726F75706E6F64653D2230222F3E3C2F646473636F6E74726F6C3E3C646473636F6E74726F6C2073656D616E746963636F6F6B69653D22303130303335303030313030303030303634303036323030366630303030303034363030346230303566303034393030373430303635303036643030343130303734303037343030373230303639303036323030373530303734303036353030353630303631303036633030373530303635303037333030356630303439303037343030363530303664303037333030303030302220636F6E74726F6C70726F6769643D224D534444532E506F6C796C696E652E3038302E312220746F6F6C7469703D2252656C61C3A7C3A36F2027464B5F4974656D41747472696275746556616C7565735F4974656D732720656E74726520274974656D7327206520274974656D41747472696275746556616C7565732722206C6566743D22353333372220746F703D222D313333303722206C6F676963616C69643D223132302220636F6E74726F6C69643D22363622206D617374657269643D2230222068696E74313D2230222068696E74323D2230222077696474683D22313037393322206865696768743D223933353722206E6F726573697A653D223022206E6F6D6F76653D223022206E6F64656661756C74617474616368706F696E74733D223122206175746F647261673D2230222075736564656661756C7469646473686170653D2230222073656C65637461626C653D2231222073686F7773656C656374696F6E68616E646C65733D22302220616C6C6F776E756467696E673D223122206973616E6E6F746174696F6E3D22302220646F6E746175746F6C61796F75743D2230222067726F7570636F6C6C61707365643D2230222074616273746F703D2231222076697369626C653D22312220736E6170746F677269643D2230223E3C636F6E74726F6C3E3C646473786D6C6F626A3E3C706F6C796C696E6520656E64747970656473743D22302220656E64747970657372633D2232222075736572636F6C6F723D22313537393033323022206C696E657374796C653D223022206C696E6572656E6465723D22302220637573746F6D656E647479706564737469643D22302220637573746F6D656E647479706573726369643D2230222061646F726E7376697369626C653D2231223E3C61646F726E6D656E742070657263656E74706F733D2236322E353632363330313836333432342220636F6E74726F6C69643D223637222077696474683D223432333922206865696768743D223334342220736964653D223022206265686176696F723D2233222068696D65747269633D22313134383822206469737466726F6D6C696E653D22313735222073746172746F626A3D22302220783D22363236322220793D222D36323736222076697369626C653D22302220616C6C6F776F7665726C61703D2231222075736570657263656E743D2231222F3E3C2F706F6C796C696E653E3C2F646473786D6C6F626A3E3C2F636F6E74726F6C3E3C6C61796F75746F626A6563743E3C646473786D6C6F626A2F3E3C2F6C61796F75746F626A6563743E3C636F6E6E6563746F7220736F7572636569643D223222206465737469643D2234392220736F75726365617474616368706F696E743D22313737222064657374617474616368706F696E743D223022207365676D656E74656469746D6F64653D2230222062656E64706F696E74656469746D6F64653D2230222062656E64706F696E747669736962696C6974793D2230222072656C6174656469643D223022207669727475616C3D2230223E3C706F696E7420783D22353633372220793D222D3132393030222F3E3C706F696E7420783D22373031332220793D222D3132393030222F3E3C706F696E7420783D22373031332220793D222D36343531222F3E3C706F696E7420783D2231353735302220793D222D36343531222F3E3C706F696E7420783D2231353735302220793D222D34363530222F3E3C2F636F6E6E6563746F723E3C2F646473636F6E74726F6C3E3C646473636F6E74726F6C2073656D616E746963636F6F6B69653D22303166366234356432386436343132622220636F6E74726F6C70726F6769643D224D534444532E546578742E3038302E3122206C6566743D22363236322220746F703D222D3632373622206C6F676963616C69643D223132312220636F6E74726F6C69643D22363722206D617374657269643D223636222068696E74313D2230222068696E74323D2230222077696474683D223432333922206865696768743D2233343422206E6F726573697A653D223122206E6F6D6F76653D223022206E6F64656661756C74617474616368706F696E74733D223122206175746F647261673D2231222075736564656661756C7469646473686170653D2231222073656C65637461626C653D2231222073686F7773656C656374696F6E68616E646C65733D22312220616C6C6F776E756467696E673D223122206973616E6E6F746174696F6E3D22302220646F6E746175746F6C61796F75743D2230222067726F7570636F6C6C61707365643D2230222074616273746F703D2230222076697369626C653D22302220736E6170746F677269643D2230223E3C636F6E74726F6C3E3C646473786D6C6F626A65637473747265616D696E6974777261707065722062696E6172793D22303030323030303038663130303030303538303130303030303330303030303030303030666666666666303030383030303038303031303030303030313530303031303030303030393030313434343230313030303635343631363836663664363131633030343630303462303035663030343930303734303036353030366430303431303037343030373430303732303036393030363230303735303037343030363530303536303036313030366330303735303036353030373330303566303034393030373430303635303036643030373330303030303030303030222F3E3C2F636F6E74726F6C3E3C6C61796F75746F626A6563743E3C646473786D6C6F626A2F3E3C2F6C61796F75746F626A6563743E3C73686170652067726F7570736861706569643D2230222067726F75706E6F64653D2230222F3E3C2F646473636F6E74726F6C3E3C2F6464733E0D0A0000000000000000000000000000000000000000000000000000000000000000000000000000000000000000000000000000000000000000000000000000000000000000000000000000000000000000000000000000000000000000000000000000000000000000000000000000000000000000FEFFFFFF02000000030000000400000005000000060000000700000008000000090000000A0000000B0000000C0000000D0000000E0000000F00000010000000110000001200000013000000140000001500000016000000170000001800000019000000FEFFFFFFFEFFFFFFFFFFFFFFFFFFFFFFFFFFFFFFFFFFFFFFFFFFFFFFFFFFFFFFFFFFFFFFFFFFFFFFFFFFFFFFFFFFFFFFFFFFFFFFFFFFFFFFFFFFFFFFFFFFFFFFFFFFFFFFFFFFFFFFFFFFFFFFFFFFFFFFFFFFFFFFFFFFFFFFFFFFFFFFFFFFFFFFFFFFFFFFFFFFFFFFFFFFFFFFFFFFFFFFFFFFFFFFFFFFFFFFFFFFFFFFFFFFFFFFFFFFFFFFFFFFFFFFFFFFFFFFFFFFFFFFFFFFFFFFFFFFFFFFFFFFFFFFFFFFFFFFFFFFFFFFFFFFFFFFFFFFFFFFFFFFFFFFFFFFFFFFFFFFFFFFFFFFFFFFFFFFFFFFFFFFFFFFFFFFFFFFFFFFFFFFFFFFFFFFFFFFFFFFFFFFFFFFFFFFFFFFFFFFFFFFFFFFFFFFFFFFFFFFFFFFFFFFFFFFFFFFFFFFFFFFFFFFFFFFFFFFFFFFFFFFFFFFFFFFFFFFFFFFFFFFFFFFFFFFFFFFFFFFFFFFFFFFFFFFFFFFFFFFFFFFFFFFFFFFFFFFFFFFFFFFFFFFFFFFFFFFFFFFFFFFFFFFFFFFFFFFFFFFFFFFFFFFFFFFFFFFFFFFFFFFFFFFFFFFFFFFFFFFFFFFFFFFFFFFFFFFFFFFFFFFFFFFFFFFFFFFFFFFFFFFFFFFFFFFFFFFFFFFFFFFFFFFFFFFFFFFFFFFFFFFFFFFFFFFFFFFFFFFFFFFFFFFFFFFFFFFFFFFFFFFFFFFFFFFFFFFFFFFFFFFFFFFFFFFFFFFFFFF010003000000000000000C0000000B0000004E61BC00000000000000000000000000000000000000000000000000000000000000000000000000000000000000DBE6B0E91C81D011AD5100A0C90F573900000200B04ECD867D07DB01020200001048450000000000000000000000000000000000F00100004400610074006100200053006F0075007200630065003D004C004100500054004F0050002D0047004B00550048004A0033004A0044003B0049006E0069007400690061006C00200043006100740061006C006F0067003D0070006C006D0073005F00640062003B0049006E00740065006700720061007400650064002000530065006300750072006900740079003D0054007200750065003B004D0075006C007400690070006C0065002000410063007400690076006500200052006500730075006C007400200053006500740073003D00460061006C00730065003B0043006F006E006E006500630074002000540069006D0065006F00750074003D00330030003B0045006E00630072007900700074003D0054007200750065003B005400720075007300740020005300650072007600650072002000430065007200740069006600690063006100740065003D0054007200750065003B005000610063006B00650074002000530069007A0065003D0034003000390036003B004100700070006C00690063006100740069006F006E0020004E0061006D0065003D0022004D006900630072006F0073006F00660074002000530051004C00200053006500720076006500720020004D0061006E006100670065006D0065006E0074002000530074007500640069006F0022000000008005001C000000700078005F00640062005F006400690061006700720061006D0000000002260014000000530074006500700046006F0072006B007300000008000000640062006F000000000226002A0000004900740065006D004100740074007200690062007500740065004F007000740069006F006E007300000008000000640062006F00000000022600280000004900740065006D00410074007400720069006200750074006500560061006C00750065007300000008000000640062006F000000000226003A00000057006F0072006B0066006C006F007700530074006500700073005F004900740065006D004100740074007200690062007500740065007300000008000000640062006F000000000226001E0000004900740065006D004100740074007200690062007500740065007300000008000000640062006F000000000226002A0000004900740065006D004E0061006D0065005200650073006500720076006100740069006F006E007300000008000000640062006F000000000226001A0000004900740065006D00460061006D0069006C00690065007300000008000000640062006F000000000226002200000052006F006C00650073005F004400650070006100720074006D0065006E007400000008000000640062006F000000000226000C00000052006F006C0065007300000008000000640062006F000000000226002400000057006F0072006B0066006C006F00770049006E007300740061006E00630065007300000008000000640062006F000000000226004000000057006F0072006B0066006C006F007700540065006D0070006C0061007400650073005F0057006F0072006B0066006C006F00770053007400650070007300000008000000640062006F000000000226002400000057006F0072006B0066006C006F007700540065006D0070006C006100740065007300000008000000640062006F000000000226001C00000057006F0072006B0066006C006F00770053007400650070007300000008000000640062006F000000000226000C00000055007300650072007300000008000000640062006F000000000226000E0000004D006F00640065006C007300000008000000640062006F000000000226000C0000004900740065006D007300000008000000640062006F00000000022400180000004400650070006100720074006D0065006E0074007300000008000000640062006F00000001000000D68509B3BB6BF2459AB8371664F0327008004E0000007B00310036003300340043004400440037002D0030003800380038002D0034003200450033002D0039004600410032002D004200360044003300320035003600330042003900310044007D0000000000000000000000000000000000000000000000000000000000000000000000000000000000010003000000000000000C0000000B00000000000000000000000000000000000000000000000000000000000000000000000000000000000000000000000000000000000000000000000000000000000000000000000000000000000000000000000000000000000000000000000000000000000000000000000000000000000000000000000000000000000000000000000000000000000000000000000000000000000000000000000000000000000000000000000000000000000000000000000000000000000000000000000000000000000000000000000000000000000000000000000000000000000000000000000000000000000000000000000000000000000000000000000000000000000000000000000000000000000000000000000000000000000000000000000000000000000000000000000000000000000000000000000000000000000000000000000000000000000000000000000000000000000000000000000000000000000000000000000000000000000000000053006300680065006D00610020005500440056002000440065006600610075006C007400200050006F007300740020005600360000000000000000000000000036000200FFFFFFFFFFFFFFFFFFFFFFFF0000000000000000000000000000000000000000000000000000000000000000000000001A00000012000000000000000000000000000000000000000000000000000000000000000000000000000000000000000000000000000000000000000000000000000000000000000000000000000000FFFFFFFFFFFFFFFFFFFFFFFF0000000000000000000000000000000000000000000000000000000000000000000000000000000000000000000000000000000000000000000000000000000000000000000000000000000000000000000000000000000000000000000000000000000000000000000000000000000000000000FFFFFFFFFFFFFFFFFFFFFFFF0000000000000000000000000000000000000000000000000000000000000000000000000000000000000000000000000000000000000000000000000000000000000000000000000000000000000000000000000000000000000000000000000000000000000000000000000000000000000000FFFFFFFFFFFFFFFFFFFFFFFF00000000000000000000000000000000000000000000000000000000000000000000000000000000000000000000000062885214);
/*!40000 ALTER TABLE "sysdiagrams" ENABLE KEYS */;

-- Copiando estrutura para tabela plms_db.Users
CREATE TABLE IF NOT EXISTS "Users" (
	"Id" INT NOT NULL,
	"Name" VARCHAR(50) NOT NULL COLLATE 'Latin1_General_CI_AS',
	"Password" VARCHAR(100) NOT NULL COLLATE 'Latin1_General_CI_AS',
	"WindowsUser" VARCHAR(30) NOT NULL COLLATE 'Latin1_General_CI_AS',
	"RoleId" INT NULL DEFAULT NULL,
	"IsActive" BIT NOT NULL,
	FOREIGN KEY INDEX "FK_Users_Roles" ("RoleId"),
	PRIMARY KEY ("Id"),
	CONSTRAINT "FK_Users_Roles" FOREIGN KEY ("RoleId") REFERENCES "Roles" ("Id") ON UPDATE NO_ACTION ON DELETE NO_ACTION
);

-- Copiando dados para a tabela plms_db.Users: 5 rows
/*!40000 ALTER TABLE "Users" DISABLE KEYS */;
INSERT INTO "Users" ("Id", "Name", "Password", "WindowsUser", "RoleId", "IsActive") VALUES
	(1, 'userEng', 'senha_userEng', 'ejsto', 1, b'1'),
	(2, 'userDMP', 'senha_userDMP', 'userDMP', 2, b'1'),
	(7, 'userPCP', 'senha_userPCP', 'userPCP', 3, b'1'),
	(11, 'userCompras', 'senha_userCompras', 'userCompras', 4, b'1'),
	(12, 'userEP', 'senha_userEP', 'userEP', 5, b'1');
/*!40000 ALTER TABLE "Users" ENABLE KEYS */;

-- Copiando estrutura para tabela plms_db.WorkflowInstances
CREATE TABLE IF NOT EXISTS "WorkflowInstances" (
	"Id" INT NOT NULL,
	"WorkflowTemplateId" INT NOT NULL,
	"ItemId" INT NULL DEFAULT NULL,
	"ItemName" VARCHAR(20) NOT NULL COLLATE 'Latin1_General_CI_AS',
	"ItemRevision" VARCHAR(10) NOT NULL COLLATE 'Latin1_General_CI_AS',
	"UserId" INT NOT NULL,
	"CurrentStepId" INT NULL DEFAULT NULL,
	"PreviousStepId" INT NULL DEFAULT NULL,
	"Status" VARCHAR(50) NOT NULL COLLATE 'Latin1_General_CI_AS',
	"Message" NVARCHAR(1000) NULL DEFAULT NULL COLLATE 'Latin1_General_CI_AS',
	"ItemFamilyId" INT NULL DEFAULT NULL,
	FOREIGN KEY INDEX "FK_WorkflowInstances_ItemFamilies" ("ItemFamilyId"),
	FOREIGN KEY INDEX "FK_WorkflowInstances_Items" ("ItemId"),
	FOREIGN KEY INDEX "FK_WorkflowInstances_Users" ("UserId"),
	FOREIGN KEY INDEX "FK_WorkflowInstances_WorkflowSteps" ("CurrentStepId"),
	FOREIGN KEY INDEX "FK_WorkflowInstances_WorkflowSteps1" ("PreviousStepId"),
	FOREIGN KEY INDEX "FK_WorkflowInstances_WorkflowTemplates" ("WorkflowTemplateId"),
	PRIMARY KEY ("Id"),
	CONSTRAINT "FK_WorkflowInstances_WorkflowTemplates" FOREIGN KEY ("WorkflowTemplateId") REFERENCES "WorkflowTemplates" ("Id") ON UPDATE NO_ACTION ON DELETE NO_ACTION,
	CONSTRAINT "FK_WorkflowInstances_Items" FOREIGN KEY ("ItemId") REFERENCES "Items" ("Id") ON UPDATE NO_ACTION ON DELETE NO_ACTION,
	CONSTRAINT "FK_WorkflowInstances_Users" FOREIGN KEY ("UserId") REFERENCES "Users" ("Id") ON UPDATE NO_ACTION ON DELETE NO_ACTION,
	CONSTRAINT "FK_WorkflowInstances_WorkflowSteps" FOREIGN KEY ("CurrentStepId") REFERENCES "WorkflowSteps" ("Id") ON UPDATE NO_ACTION ON DELETE NO_ACTION,
	CONSTRAINT "FK_WorkflowInstances_WorkflowSteps1" FOREIGN KEY ("PreviousStepId") REFERENCES "WorkflowSteps" ("Id") ON UPDATE NO_ACTION ON DELETE NO_ACTION,
	CONSTRAINT "FK_WorkflowInstances_ItemFamilies" FOREIGN KEY ("ItemFamilyId") REFERENCES "ItemFamilies" ("Id") ON UPDATE NO_ACTION ON DELETE NO_ACTION
);

-- Copiando dados para a tabela plms_db.WorkflowInstances: 11 rows
/*!40000 ALTER TABLE "WorkflowInstances" DISABLE KEYS */;
INSERT INTO "WorkflowInstances" ("Id", "WorkflowTemplateId", "ItemId", "ItemName", "ItemRevision", "UserId", "CurrentStepId", "PreviousStepId", "Status", "Message", "ItemFamilyId") VALUES
	(33, 2, NULL, '00010001', '-', 1, NULL, NULL, 'released', '', 1),
	(34, 2, 15, '00010001', 'A', 1, NULL, NULL, 'released', '', 1),
	(35, 2, 16, '00010001', 'B', 1, NULL, NULL, 'released', '', 1),
	(37, 2, NULL, '00010003', '-', 1, NULL, NULL, 'released', '', 1),
	(38, 2, 18, '00010003', 'A', 1, NULL, NULL, 'released', '', 1),
	(39, 2, NULL, '00010004', '-', 1, NULL, NULL, 'released', '', 1),
	(40, 2, NULL, '00020003', '-', 1, NULL, NULL, 'released', '', 2),
	(41, 2, NULL, '00010005', '-', 1, NULL, NULL, 'released', '', 1),
	(43, 2, NULL, '00020004', '-', 1, NULL, NULL, 'released', '', 2),
	(48, 2, 22, '00010005', 'A', 1, 2, 1, 'InWork', NULL, 1),
	(49, 2, NULL, '00010006', '-', 1, 2, 1, 'InWork', NULL, 1);
/*!40000 ALTER TABLE "WorkflowInstances" ENABLE KEYS */;

-- Copiando estrutura para tabela plms_db.WorkflowInstanceValues
CREATE TABLE IF NOT EXISTS "WorkflowInstanceValues" (
	"Id" INT NOT NULL,
	"WorkflowInstanceId" INT NOT NULL,
	"ItemAttributeId" INT NOT NULL,
	"ItemAttributeValueString" VARCHAR(200) NULL DEFAULT NULL COLLATE 'Latin1_General_CI_AS',
	"ItemAttributeValueNumber" DECIMAL(10,2) NULL DEFAULT NULL,
	FOREIGN KEY INDEX "FK_WorkflowInstanceValues_ItemAttributes" ("ItemAttributeId"),
	FOREIGN KEY INDEX "FK_WorkflowInstanceValues_WorkflowInstances" ("WorkflowInstanceId"),
	PRIMARY KEY ("Id"),
	CONSTRAINT "FK_WorkflowInstanceValues_WorkflowInstances" FOREIGN KEY ("WorkflowInstanceId") REFERENCES "WorkflowInstances" ("Id") ON UPDATE NO_ACTION ON DELETE CASCADE,
	CONSTRAINT "FK_WorkflowInstanceValues_ItemAttributes" FOREIGN KEY ("ItemAttributeId") REFERENCES "ItemAttributes" ("Id") ON UPDATE NO_ACTION ON DELETE CASCADE
);

-- Copiando dados para a tabela plms_db.WorkflowInstanceValues: 95 rows
/*!40000 ALTER TABLE "WorkflowInstanceValues" DISABLE KEYS */;
INSERT INTO "WorkflowInstanceValues" ("Id", "WorkflowInstanceId", "ItemAttributeId", "ItemAttributeValueString", "ItemAttributeValueNumber") VALUES
	(119, 33, 21, 'MDF', NULL),
	(120, 33, 19, NULL, 20),
	(121, 33, 14, NULL, 1000),
	(122, 33, 18, NULL, 500),
	(123, 33, 1, 'NAO', NULL),
	(124, 33, 3, 'NAO', NULL),
	(125, 33, 5, NULL, 10),
	(126, 33, 6, 'KANBAN', NULL),
	(127, 33, 7, 'FORNECEDOR_1', NULL),
	(128, 33, 10, NULL, 10),
	(129, 33, 13, 'NAO', NULL),
	(130, 34, 21, 'MDF', NULL),
	(131, 34, 14, NULL, 1000),
	(132, 34, 18, NULL, 500),
	(133, 34, 19, NULL, 20),
	(134, 34, 1, 'NAO', NULL),
	(135, 34, 3, 'NAO', NULL),
	(136, 34, 5, NULL, 10),
	(137, 34, 6, 'KANBAN', NULL),
	(138, 34, 7, 'FORNECEDOR_1', NULL),
	(139, 34, 10, NULL, 10),
	(140, 34, 13, 'NAO', NULL),
	(141, 35, 18, NULL, 500),
	(142, 35, 19, NULL, 20),
	(143, 35, 14, NULL, 1000),
	(144, 35, 21, 'MDF', NULL),
	(145, 35, 3, 'NAO', NULL),
	(146, 35, 1, 'NAO', NULL),
	(147, 35, 5, NULL, 10),
	(148, 35, 6, 'KANBAN', NULL),
	(149, 35, 7, 'FORNECEDOR_1', NULL),
	(150, 35, 10, NULL, 10),
	(151, 35, 13, 'NAO', NULL),
	(152, 37, 21, 'MDF', NULL),
	(153, 37, 18, NULL, 500),
	(154, 37, 19, NULL, 20),
	(155, 37, 14, NULL, 1000),
	(156, 37, 3, 'NAO', NULL),
	(157, 37, 1, 'SIM', NULL),
	(158, 37, 10, NULL, 10),
	(159, 37, 7, 'FORNECEDOR_1', NULL),
	(160, 37, 13, 'NAO', NULL),
	(161, 38, 18, NULL, 300),
	(162, 38, 19, NULL, 20),
	(163, 38, 14, NULL, 1000),
	(164, 38, 21, 'MDF', NULL),
	(165, 38, 3, 'NAO', NULL),
	(166, 38, 1, 'SIM', NULL),
	(167, 38, 10, NULL, 10),
	(168, 38, 7, 'FORNECEDOR_1', NULL),
	(169, 38, 13, 'NAO', NULL),
	(170, 39, 18, NULL, 100),
	(171, 39, 14, NULL, 200),
	(172, 39, 19, NULL, 20),
	(173, 39, 21, 'MDF', NULL),
	(174, 39, 3, 'SIM', NULL),
	(175, 39, 1, 'NAO', NULL),
	(176, 39, 6, 'CONF_DEMANDA', NULL),
	(177, 39, 5, NULL, 10),
	(178, 39, 13, 'NAO', NULL),
	(179, 40, 21, 'ACO', NULL),
	(180, 40, 26, NULL, 50),
	(181, 40, 25, 'M4', NULL),
	(182, 40, 27, 'SEXTAVADA', NULL),
	(183, 40, 1, 'SIM', NULL),
	(184, 40, 3, 'NAO', NULL),
	(185, 40, 7, 'FORNECEDOR_2', NULL),
	(186, 40, 10, NULL, 10),
	(187, 40, 13, 'NAO', NULL),
	(188, 41, 14, NULL, 200),
	(189, 41, 19, NULL, 20),
	(190, 41, 21, 'MDF', NULL),
	(191, 41, 18, NULL, 100),
	(192, 41, 1, 'NAO', NULL),
	(193, 41, 3, 'NAO', NULL),
	(194, 41, 5, NULL, 10),
	(195, 41, 6, 'KANBAN', NULL),
	(196, 41, 13, 'NAO', NULL),
	(197, 43, 27, 'FENDA', NULL),
	(198, 43, 21, 'ACO', NULL),
	(199, 43, 25, 'M6', NULL),
	(200, 43, 26, NULL, 25),
	(201, 43, 3, 'NAO', NULL),
	(202, 43, 1, 'SIM', NULL),
	(203, 43, 10, NULL, 10),
	(204, 43, 7, 'FORNECEDOR_1', NULL),
	(205, 43, 13, 'NAO', NULL),
	(214, 48, 19, NULL, 20),
	(215, 48, 18, NULL, 100),
	(216, 48, 21, 'MDF', NULL),
	(217, 48, 14, NULL, 200),
	(218, 49, 21, 'MDF', NULL),
	(219, 49, 14, NULL, 100),
	(220, 49, 19, NULL, 10),
	(221, 49, 18, NULL, 50);
/*!40000 ALTER TABLE "WorkflowInstanceValues" ENABLE KEYS */;

-- Copiando estrutura para tabela plms_db.WorkflowSteps
CREATE TABLE IF NOT EXISTS "WorkflowSteps" (
	"Id" INT NOT NULL,
	"Name" NVARCHAR(100) NOT NULL COLLATE 'Latin1_General_CI_AS',
	"DepartmentId" INT NOT NULL,
	"IsUserExclusive" BIT NOT NULL,
	FOREIGN KEY INDEX "FK_WorkflowSteps_Departments" ("DepartmentId"),
	PRIMARY KEY ("Id"),
	CONSTRAINT "FK_WorkflowSteps_Departments" FOREIGN KEY ("DepartmentId") REFERENCES "Departments" ("Id") ON UPDATE NO_ACTION ON DELETE NO_ACTION
);

-- Copiando dados para a tabela plms_db.WorkflowSteps: 5 rows
/*!40000 ALTER TABLE "WorkflowSteps" DISABLE KEYS */;
INSERT INTO "WorkflowSteps" ("Id", "Name", "DepartmentId", "IsUserExclusive") VALUES
	(1, 'Folha Especificação', 1, b'1'),
	(2, 'Definições DMP', 2, b'0'),
	(4, 'Definições PCP', 3, b'0'),
	(6, 'Definições Compras', 4, b'0'),
	(7, 'Definições EP', 5, b'0');
/*!40000 ALTER TABLE "WorkflowSteps" ENABLE KEYS */;

-- Copiando estrutura para tabela plms_db.WorkflowSteps_ItemAttributes
CREATE TABLE IF NOT EXISTS "WorkflowSteps_ItemAttributes" (
	"Id" INT NOT NULL,
	"WorkflowStepId" INT NOT NULL,
	"ItemAttributeId" INT NOT NULL,
	"ItemFamilyId" INT NULL DEFAULT NULL,
	FOREIGN KEY INDEX "FK_WorkflowSteps_ItemAttributes_ItemFamilies" ("ItemFamilyId"),
	FOREIGN KEY INDEX "FK_WorkflowSteps_WorkflowAttributes_WorkflowAttributes" ("ItemAttributeId"),
	FOREIGN KEY INDEX "FK_WorkflowSteps_WorkflowAttributes_WorkflowSteps" ("WorkflowStepId"),
	PRIMARY KEY ("Id"),
	CONSTRAINT "FK_WorkflowSteps_WorkflowAttributes_WorkflowSteps" FOREIGN KEY ("WorkflowStepId") REFERENCES "WorkflowSteps" ("Id") ON UPDATE NO_ACTION ON DELETE NO_ACTION,
	CONSTRAINT "FK_WorkflowSteps_WorkflowAttributes_WorkflowAttributes" FOREIGN KEY ("ItemAttributeId") REFERENCES "ItemAttributes" ("Id") ON UPDATE NO_ACTION ON DELETE NO_ACTION,
	CONSTRAINT "FK_WorkflowSteps_ItemAttributes_ItemFamilies" FOREIGN KEY ("ItemFamilyId") REFERENCES "ItemFamilies" ("Id") ON UPDATE NO_ACTION ON DELETE NO_ACTION
);

-- Copiando dados para a tabela plms_db.WorkflowSteps_ItemAttributes: 15 rows
/*!40000 ALTER TABLE "WorkflowSteps_ItemAttributes" DISABLE KEYS */;
INSERT INTO "WorkflowSteps_ItemAttributes" ("Id", "WorkflowStepId", "ItemAttributeId", "ItemFamilyId") VALUES
	(1, 1, 14, 1),
	(2, 1, 18, 1),
	(3, 1, 19, 1),
	(4, 1, 21, 1),
	(5, 2, 1, NULL),
	(6, 2, 3, NULL),
	(7, 4, 5, NULL),
	(8, 4, 6, NULL),
	(18, 6, 7, NULL),
	(19, 6, 10, NULL),
	(20, 7, 13, NULL),
	(21, 1, 25, 2),
	(22, 1, 26, 2),
	(23, 1, 27, 2),
	(24, 1, 21, 2);
/*!40000 ALTER TABLE "WorkflowSteps_ItemAttributes" ENABLE KEYS */;

-- Copiando estrutura para tabela plms_db.WorkflowTemplates
CREATE TABLE IF NOT EXISTS "WorkflowTemplates" (
	"Id" INT NOT NULL,
	"Name" NVARCHAR(50) NOT NULL COLLATE 'Latin1_General_CI_AS',
	"Description" NVARCHAR(500) NOT NULL COLLATE 'Latin1_General_CI_AS',
	PRIMARY KEY ("Id")
);

-- Copiando dados para a tabela plms_db.WorkflowTemplates: 1 rows
/*!40000 ALTER TABLE "WorkflowTemplates" DISABLE KEYS */;
INSERT INTO "WorkflowTemplates" ("Id", "Name", "Description") VALUES
	(2, 'LIBERACAO_COMPLETA', 'Fluxo de liberação completa para itens oficiais');
/*!40000 ALTER TABLE "WorkflowTemplates" ENABLE KEYS */;

-- Copiando estrutura para tabela plms_db.WorkflowTemplates_WorkflowSteps
CREATE TABLE IF NOT EXISTS "WorkflowTemplates_WorkflowSteps" (
	"Id" INT NOT NULL,
	"WorkflowTemplateId" INT NOT NULL,
	"WorkflowStepId" INT NOT NULL,
	"StepOrder" INT NOT NULL,
	FOREIGN KEY INDEX "FK_WorkflowTemplates_WorkflowSteps_WorkflowSteps" ("WorkflowStepId"),
	FOREIGN KEY INDEX "FK_WorkflowTemplates_WorkflowSteps_WorkflowTemplates" ("WorkflowTemplateId"),
	PRIMARY KEY ("Id"),
	CONSTRAINT "FK_WorkflowTemplates_WorkflowSteps_WorkflowTemplates" FOREIGN KEY ("WorkflowTemplateId") REFERENCES "WorkflowTemplates" ("Id") ON UPDATE NO_ACTION ON DELETE NO_ACTION,
	CONSTRAINT "FK_WorkflowTemplates_WorkflowSteps_WorkflowSteps" FOREIGN KEY ("WorkflowStepId") REFERENCES "WorkflowSteps" ("Id") ON UPDATE NO_ACTION ON DELETE NO_ACTION
);

-- Copiando dados para a tabela plms_db.WorkflowTemplates_WorkflowSteps: 5 rows
/*!40000 ALTER TABLE "WorkflowTemplates_WorkflowSteps" DISABLE KEYS */;
INSERT INTO "WorkflowTemplates_WorkflowSteps" ("Id", "WorkflowTemplateId", "WorkflowStepId", "StepOrder") VALUES
	(1, 2, 1, 1),
	(2, 2, 2, 2),
	(3, 2, 4, 3),
	(4, 2, 6, 4),
	(5, 2, 7, 5);
/*!40000 ALTER TABLE "WorkflowTemplates_WorkflowSteps" ENABLE KEYS */;

/*!40101 SET SQL_MODE=IFNULL(@OLD_SQL_MODE, '') */;
/*!40014 SET FOREIGN_KEY_CHECKS=IFNULL(@OLD_FOREIGN_KEY_CHECKS, 1) */;
/*!40101 SET CHARACTER_SET_CLIENT=@OLD_CHARACTER_SET_CLIENT */;
/*!40111 SET SQL_NOTES=IFNULL(@OLD_SQL_NOTES, 1) */;
